KPI,Building_1,District
building_battery_health_capacity_fade_business_as_usual_ratio,0.004093125725064321,
building_battery_health_capacity_fade_delta_to_business_as_usual_ratio,0.0,
building_battery_health_capacity_fade_ratio,0.004093125725064321,
building_battery_health_equivalent_full_cycles_business_as_usual_count,65.63817683209976,
building_battery_health_equivalent_full_cycles_count,65.63817683209976,
building_battery_health_equivalent_full_cycles_delta_to_business_as_usual_count,0.0,
building_battery_ratio_to_business_as_usual_capacity_fade_ratio,1.0,
building_battery_ratio_to_business_as_usual_charge_ratio,1.0,
building_battery_ratio_to_business_as_usual_discharge_ratio,1.0,
building_battery_ratio_to_business_as_usual_equivalent_full_cycles_ratio,1.0,
building_battery_ratio_to_business_as_usual_throughput_ratio,1.0,
building_battery_total_charge_business_as_usual_kwh,4211.871213495731,
building_battery_total_charge_delta_to_business_as_usual_kwh,0.0,
building_battery_total_charge_kwh,4211.871213495731,
building_battery_total_discharge_business_as_usual_kwh,3664.7100063562393,
building_battery_total_discharge_delta_to_business_as_usual_kwh,0.0,
building_battery_total_discharge_kwh,3664.7100063562393,
building_battery_total_throughput_business_as_usual_kwh,7876.581219851971,
building_battery_total_throughput_delta_to_business_as_usual_kwh,0.0,
building_battery_total_throughput_kwh,7876.581219851971,
building_comfort_resilience_discomfort_cold_delta_average_c,0.0,
building_comfort_resilience_discomfort_cold_delta_max_c,0.0,
building_comfort_resilience_discomfort_cold_delta_min_c,0.0,
building_comfort_resilience_discomfort_cold_ratio,,
building_comfort_resilience_discomfort_hot_delta_average_c,0.0,
building_comfort_resilience_discomfort_hot_delta_max_c,0.0,
building_comfort_resilience_discomfort_hot_delta_min_c,0.0,
building_comfort_resilience_discomfort_hot_ratio,,
building_comfort_resilience_discomfort_overall_ratio,,
building_comfort_resilience_resilience_one_minus_thermal_ratio,,
building_comfort_resilience_resilience_unserved_energy_annual_normalized_ratio,0.0,
building_comfort_resilience_resilience_unserved_energy_outage_normalized_ratio,0.0,
building_cost_community_market_counterfactual_daily_average_eur,0.0,
building_cost_community_market_counterfactual_total_eur,0.0,
building_cost_community_market_savings_daily_average_eur,0.0,
building_cost_community_market_savings_total_eur,0.0,
building_cost_community_market_settled_daily_average_eur,0.0,
building_cost_community_market_settled_total_eur,0.0,
building_cost_daily_average_baseline_eur,23.663190143041152,
building_cost_daily_average_business_as_usual_eur,22.743055200984617,
building_cost_daily_average_control_eur,22.743055200984617,
building_cost_daily_average_delta_eur,-0.9201349420565361,
building_cost_daily_average_delta_to_business_as_usual_eur,0.0,
building_cost_ratio_to_baseline_total_ratio,0.9611153468110415,
building_cost_ratio_to_business_as_usual_total_ratio,1.0,
building_cost_total_baseline_eur,8636.81791064603,
building_cost_total_business_as_usual_eur,8300.978241534374,
building_cost_total_control_eur,8300.978241534374,
building_cost_total_delta_eur,-335.8396691116559,
building_cost_total_delta_to_business_as_usual_eur,0.0,
building_deferrable_appliance_ratio_to_business_as_usual_average_start_delay_ratio,1.0,
building_deferrable_appliance_ratio_to_business_as_usual_completed_cycles_ratio,1.0,
building_deferrable_appliance_ratio_to_business_as_usual_missed_cycles_ratio,1.0,
building_deferrable_appliance_ratio_to_business_as_usual_served_energy_total_ratio,1.0,
building_deferrable_appliance_ratio_to_business_as_usual_service_level_ratio,1.0,
building_deferrable_appliance_ratio_to_business_as_usual_unserved_energy_total_ratio,1.0,
building_deferrable_appliance_service_average_start_delay_business_as_usual_hours,0.0,
building_deferrable_appliance_service_average_start_delay_delta_to_business_as_usual_hours,0.0,
building_deferrable_appliance_service_average_start_delay_hours,0.0,
building_deferrable_appliance_service_completed_cycles_business_as_usual_count,0.0,
building_deferrable_appliance_service_completed_cycles_count,0.0,
building_deferrable_appliance_service_completed_cycles_delta_to_business_as_usual_count,0.0,
building_deferrable_appliance_service_missed_cycles_business_as_usual_count,0.0,
building_deferrable_appliance_service_missed_cycles_count,0.0,
building_deferrable_appliance_service_missed_cycles_delta_to_business_as_usual_count,0.0,
building_deferrable_appliance_service_served_energy_total_business_as_usual_kwh,0.0,
building_deferrable_appliance_service_served_energy_total_delta_to_business_as_usual_kwh,0.0,
building_deferrable_appliance_service_served_energy_total_kwh,0.0,
building_deferrable_appliance_service_service_level_business_as_usual_ratio,,
building_deferrable_appliance_service_service_level_delta_to_business_as_usual_ratio,,
building_deferrable_appliance_service_service_level_ratio,,
building_deferrable_appliance_service_unserved_energy_total_business_as_usual_kwh,0.0,
building_deferrable_appliance_service_unserved_energy_total_delta_to_business_as_usual_kwh,0.0,
building_deferrable_appliance_service_unserved_energy_total_kwh,0.0,
building_electrical_service_phase_imbalance_phase_average_ratio,,
building_electrical_service_phase_violations_energy_total_kwh,0.0,
building_electrical_service_phase_violations_event_count,0.0,
building_emissions_daily_average_baseline_kgco2,41.94226257247571,
building_emissions_daily_average_business_as_usual_kgco2,40.32542279745472,
building_emissions_daily_average_control_kgco2,40.32542279745472,
building_emissions_daily_average_delta_kgco2,-1.6168397750209924,
building_emissions_daily_average_delta_to_business_as_usual_kgco2,0.0,
building_emissions_ratio_to_baseline_total_ratio,0.9614508212992298,
building_emissions_ratio_to_business_as_usual_total_ratio,1.0,
building_emissions_total_baseline_kgco2,15308.48894038517,
building_emissions_total_business_as_usual_kgco2,14718.359264583498,
building_emissions_total_control_kgco2,14718.359264583498,
building_emissions_total_delta_kgco2,-590.1296758016724,
building_emissions_total_delta_to_business_as_usual_kgco2,0.0,
building_energy_grid_community_market_grid_export_after_local_daily_average_kwh,0.0,
building_energy_grid_community_market_grid_export_after_local_total_kwh,0.0,
building_energy_grid_community_market_grid_import_after_local_daily_average_kwh,0.0,
building_energy_grid_community_market_grid_import_after_local_total_kwh,0.0,
building_energy_grid_community_market_local_export_daily_average_kwh,0.0,
building_energy_grid_community_market_local_export_total_kwh,0.0,
building_energy_grid_community_market_local_import_daily_average_kwh,0.0,
building_energy_grid_community_market_local_import_total_kwh,0.0,
building_energy_grid_daily_average_export_baseline_kwh,11.852092823320445,
building_energy_grid_daily_average_export_business_as_usual_kwh,0.3123903667304996,
building_energy_grid_daily_average_export_control_kwh,0.3123903667304996,
building_energy_grid_daily_average_export_delta_kwh,-11.539702456589946,
building_energy_grid_daily_average_export_delta_to_business_as_usual_kwh,0.0,
building_energy_grid_daily_average_import_baseline_kwh,256.56350475500875,
building_energy_grid_daily_average_import_business_as_usual_kwh,246.52291687629827,
building_energy_grid_daily_average_import_control_kwh,246.52291687629827,
building_energy_grid_daily_average_import_delta_kwh,-10.040587878710515,
building_energy_grid_daily_average_import_delta_to_business_as_usual_kwh,0.0,
building_energy_grid_daily_average_net_exchange_baseline_kwh,244.71141193168833,
building_energy_grid_daily_average_net_exchange_business_as_usual_kwh,246.21052650956776,
building_energy_grid_daily_average_net_exchange_control_kwh,246.21052650956776,
building_energy_grid_daily_average_net_exchange_delta_kwh,1.4991145778794308,
building_energy_grid_daily_average_net_exchange_delta_to_business_as_usual_kwh,0.0,
building_energy_grid_ratio_to_baseline_export_total_ratio,0.0263574012950551,
building_energy_grid_ratio_to_baseline_import_total_ratio,0.9608650969735613,
building_energy_grid_ratio_to_baseline_net_exchange_total_ratio,1.0061260509513872,
building_energy_grid_ratio_to_business_as_usual_export_total_ratio,1.0,
building_energy_grid_ratio_to_business_as_usual_import_total_ratio,1.0,
building_energy_grid_ratio_to_business_as_usual_net_exchange_total_ratio,1.0,
building_energy_grid_total_export_baseline_kwh,4325.8904212117195,
building_energy_grid_total_export_business_as_usual_kwh,114.01922979031224,
building_energy_grid_total_export_control_kwh,114.01922979031224,
building_energy_grid_total_export_delta_kwh,-4211.871191421407,
building_energy_grid_total_export_delta_to_business_as_usual_kwh,0.0,
building_energy_grid_total_import_baseline_kwh,93643.00669907033,
building_energy_grid_total_import_business_as_usual_kwh,89978.29671279807,
building_energy_grid_total_import_control_kwh,89978.29671279807,
building_energy_grid_total_import_delta_kwh,-3664.709986272268,
building_energy_grid_total_import_delta_to_business_as_usual_kwh,0.0,
building_energy_grid_total_net_exchange_baseline_kwh,89317.11627785861,
building_energy_grid_total_net_exchange_business_as_usual_kwh,89864.27748300775,
building_energy_grid_total_net_exchange_control_kwh,89864.27748300775,
building_energy_grid_total_net_exchange_delta_kwh,547.1612051491393,
building_energy_grid_total_net_exchange_delta_to_business_as_usual_kwh,0.0,
building_equity_benefit_relative_percent,3.888465318895848,
building_ev_events_departure_count,0.0,
building_ev_events_departure_met_count,0.0,
building_ev_events_departure_min_acceptable_count,0.0,
building_ev_events_departure_min_acceptable_feasible_count,0.0,
building_ev_events_departure_min_acceptable_infeasible_count,0.0,
building_ev_events_departure_target_feasible_count,0.0,
building_ev_events_departure_target_infeasible_count,0.0,
building_ev_events_departure_within_tolerance_count,0.0,
building_ev_events_departure_within_tolerance_feasible_count,0.0,
building_ev_events_departure_within_tolerance_infeasible_count,0.0,
building_ev_performance_departure_min_acceptable_feasible_ratio,,
building_ev_performance_departure_min_acceptable_ratio,,
building_ev_performance_departure_shortfall_beyond_tolerance_mean_ratio,,
building_ev_performance_departure_soc_absolute_error_mean_ratio,,
building_ev_performance_departure_soc_deficit_mean_ratio,,
building_ev_performance_departure_soc_surplus_mean_ratio,,
building_ev_performance_departure_success_feasible_ratio,,
building_ev_performance_departure_success_ratio,,
building_ev_performance_departure_tolerance_ratio,0.05,
building_ev_performance_departure_within_tolerance_feasible_ratio,,
building_ev_performance_departure_within_tolerance_ratio,,
building_ev_ratio_to_business_as_usual_charge_total_ratio,1.0,
building_ev_ratio_to_business_as_usual_v2g_export_total_ratio,1.0,
building_ev_total_charge_business_as_usual_kwh,0.0,
building_ev_total_charge_delta_to_business_as_usual_kwh,0.0,
building_ev_total_charge_kwh,0.0,
building_ev_total_v2g_export_business_as_usual_kwh,0.0,
building_ev_total_v2g_export_delta_to_business_as_usual_kwh,0.0,
building_ev_total_v2g_export_kwh,0.0,
building_solar_self_consumption_community_market_local_share_of_demand_ratio,,
building_solar_self_consumption_community_market_local_share_of_export_ratio,,
building_solar_self_consumption_daily_average_export_business_as_usual_kwh,0.3123903667304996,
building_solar_self_consumption_daily_average_export_delta_to_business_as_usual_kwh,0.0,
building_solar_self_consumption_daily_average_export_kwh,0.3123903667304996,
building_solar_self_consumption_daily_average_generation_business_as_usual_kwh,151.31942122163048,
building_solar_self_consumption_daily_average_generation_delta_to_business_as_usual_kwh,0.0,
building_solar_self_consumption_daily_average_generation_kwh,151.31942122163048,
building_solar_self_consumption_ratio_self_consumption_business_as_usual_ratio,0.9979355566905522,
building_solar_self_consumption_ratio_self_consumption_delta_to_business_as_usual_ratio,0.0,
building_solar_self_consumption_ratio_self_consumption_ratio,0.9979355566905522,
building_solar_self_consumption_ratio_to_business_as_usual_export_total_ratio,1.0,
building_solar_self_consumption_ratio_to_business_as_usual_generation_total_ratio,1.0,
building_solar_self_consumption_ratio_to_business_as_usual_self_consumption_ratio,1.0,
building_solar_self_consumption_total_export_business_as_usual_kwh,114.01922979031224,
building_solar_self_consumption_total_export_delta_to_business_as_usual_kwh,0.0,
building_solar_self_consumption_total_export_kwh,114.01922979031224,
building_solar_self_consumption_total_generation_business_as_usual_kwh,55230.012501924066,
building_solar_self_consumption_total_generation_delta_to_business_as_usual_kwh,0.0,
building_solar_self_consumption_total_generation_kwh,55230.012501924066,
district_battery_health_capacity_fade_business_as_usual_ratio,,0.004093125725064321
district_battery_health_capacity_fade_delta_to_business_as_usual_ratio,,0.0
district_battery_health_capacity_fade_ratio,,0.004093125725064321
district_battery_health_equivalent_full_cycles_business_as_usual_count,,65.63817683209976
district_battery_health_equivalent_full_cycles_count,,65.63817683209976
district_battery_health_equivalent_full_cycles_delta_to_business_as_usual_count,,0.0
district_battery_ratio_to_business_as_usual_capacity_fade_ratio,,1.0
district_battery_ratio_to_business_as_usual_charge_ratio,,1.0
district_battery_ratio_to_business_as_usual_discharge_ratio,,1.0
district_battery_ratio_to_business_as_usual_equivalent_full_cycles_ratio,,1.0
district_battery_ratio_to_business_as_usual_throughput_ratio,,1.0
district_battery_total_charge_business_as_usual_kwh,,4211.871213495731
district_battery_total_charge_delta_to_business_as_usual_kwh,,0.0
district_battery_total_charge_kwh,,4211.871213495731
district_battery_total_discharge_business_as_usual_kwh,,3664.7100063562393
district_battery_total_discharge_delta_to_business_as_usual_kwh,,0.0
district_battery_total_discharge_kwh,,3664.7100063562393
district_battery_total_throughput_business_as_usual_kwh,,7876.581219851971
district_battery_total_throughput_delta_to_business_as_usual_kwh,,0.0
district_battery_total_throughput_kwh,,7876.581219851971
district_comfort_resilience_discomfort_cold_delta_average_c,,0.0
district_comfort_resilience_discomfort_cold_delta_max_c,,0.0
district_comfort_resilience_discomfort_cold_delta_min_c,,0.0
district_comfort_resilience_discomfort_cold_ratio,,
district_comfort_resilience_discomfort_hot_delta_average_c,,0.0
district_comfort_resilience_discomfort_hot_delta_max_c,,0.0
district_comfort_resilience_discomfort_hot_delta_min_c,,0.0
district_comfort_resilience_discomfort_hot_ratio,,
district_comfort_resilience_discomfort_overall_ratio,,
district_comfort_resilience_resilience_one_minus_thermal_ratio,,
district_comfort_resilience_resilience_unserved_energy_annual_normalized_ratio,,0.0
district_comfort_resilience_resilience_unserved_energy_outage_normalized_ratio,,0.0
district_cost_community_market_counterfactual_daily_average_eur,,0.0
district_cost_community_market_counterfactual_total_eur,,0.0
district_cost_community_market_savings_daily_average_eur,,0.0
district_cost_community_market_savings_total_eur,,0.0
district_cost_community_market_settled_daily_average_eur,,0.0
district_cost_community_market_settled_total_eur,,0.0
district_cost_daily_average_baseline_eur,,23.663190143041152
district_cost_daily_average_business_as_usual_eur,,22.743055200984617
district_cost_daily_average_control_eur,,22.743055200984617
district_cost_daily_average_delta_eur,,-0.9201349420565361
district_cost_daily_average_delta_to_business_as_usual_eur,,0.0
district_cost_ratio_to_baseline_total_ratio,,0.9611153468110415
district_cost_ratio_to_business_as_usual_total_ratio,,1.0
district_cost_total_baseline_eur,,8636.81791064603
district_cost_total_business_as_usual_eur,,8300.978241534374
district_cost_total_control_eur,,8300.978241534374
district_cost_total_delta_eur,,-335.8396691116559
district_cost_total_delta_to_business_as_usual_eur,,0.0
district_deferrable_appliance_ratio_to_business_as_usual_average_start_delay_ratio,,1.0
district_deferrable_appliance_ratio_to_business_as_usual_completed_cycles_ratio,,1.0
district_deferrable_appliance_ratio_to_business_as_usual_missed_cycles_ratio,,1.0
district_deferrable_appliance_ratio_to_business_as_usual_served_energy_total_ratio,,1.0
district_deferrable_appliance_ratio_to_business_as_usual_service_level_ratio,,1.0
district_deferrable_appliance_ratio_to_business_as_usual_unserved_energy_total_ratio,,1.0
district_deferrable_appliance_service_average_start_delay_business_as_usual_hours,,0.0
district_deferrable_appliance_service_average_start_delay_delta_to_business_as_usual_hours,,0.0
district_deferrable_appliance_service_average_start_delay_hours,,0.0
district_deferrable_appliance_service_completed_cycles_business_as_usual_count,,0.0
district_deferrable_appliance_service_completed_cycles_count,,0.0
district_deferrable_appliance_service_completed_cycles_delta_to_business_as_usual_count,,0.0
district_deferrable_appliance_service_missed_cycles_business_as_usual_count,,0.0
district_deferrable_appliance_service_missed_cycles_count,,0.0
district_deferrable_appliance_service_missed_cycles_delta_to_business_as_usual_count,,0.0
district_deferrable_appliance_service_served_energy_total_business_as_usual_kwh,,0.0
district_deferrable_appliance_service_served_energy_total_delta_to_business_as_usual_kwh,,0.0
district_deferrable_appliance_service_served_energy_total_kwh,,0.0
district_deferrable_appliance_service_service_level_business_as_usual_ratio,,
district_deferrable_appliance_service_service_level_delta_to_business_as_usual_ratio,,
district_deferrable_appliance_service_service_level_ratio,,
district_deferrable_appliance_service_unserved_energy_total_business_as_usual_kwh,,0.0
district_deferrable_appliance_service_unserved_energy_total_delta_to_business_as_usual_kwh,,0.0
district_deferrable_appliance_service_unserved_energy_total_kwh,,0.0
district_electrical_service_phase_imbalance_phase_average_ratio,,
district_electrical_service_phase_violations_energy_total_kwh,,0.0
district_electrical_service_phase_violations_event_count,,0.0
district_emissions_daily_average_baseline_kgco2,,41.94226257247571
district_emissions_daily_average_business_as_usual_kgco2,,40.32542279745472
district_emissions_daily_average_control_kgco2,,40.32542279745472
district_emissions_daily_average_delta_kgco2,,-1.6168397750209924
district_emissions_daily_average_delta_to_business_as_usual_kgco2,,0.0
district_emissions_ratio_to_baseline_total_ratio,,0.9614508212992298
district_emissions_ratio_to_business_as_usual_total_ratio,,1.0
district_emissions_total_baseline_kgco2,,15308.48894038517
district_emissions_total_business_as_usual_kgco2,,14718.359264583498
district_emissions_total_control_kgco2,,14718.359264583498
district_emissions_total_delta_kgco2,,-590.1296758016724
district_emissions_total_delta_to_business_as_usual_kgco2,,0.0
district_energy_grid_community_market_grid_export_after_local_daily_average_kwh,,0.0
district_energy_grid_community_market_grid_export_after_local_total_kwh,,0.0
district_energy_grid_community_market_grid_import_after_local_daily_average_kwh,,0.0
district_energy_grid_community_market_grid_import_after_local_total_kwh,,0.0
district_energy_grid_community_market_local_export_daily_average_kwh,,0.0
district_energy_grid_community_market_local_export_total_kwh,,0.0
district_energy_grid_community_market_local_import_daily_average_kwh,,0.0
district_energy_grid_community_market_local_import_total_kwh,,0.0
district_energy_grid_daily_average_export_baseline_kwh,,11.852092823320445
district_energy_grid_daily_average_export_business_as_usual_kwh,,0.3123903667304996
district_energy_grid_daily_average_export_control_kwh,,0.3123903667304996
district_energy_grid_daily_average_export_delta_kwh,,-11.539702456589946
district_energy_grid_daily_average_export_delta_to_business_as_usual_kwh,,0.0
district_energy_grid_daily_average_import_baseline_kwh,,256.56350475500875
district_energy_grid_daily_average_import_business_as_usual_kwh,,246.52291687629827
district_energy_grid_daily_average_import_control_kwh,,246.52291687629827
district_energy_grid_daily_average_import_delta_kwh,,-10.040587878710515
district_energy_grid_daily_average_import_delta_to_business_as_usual_kwh,,0.0
district_energy_grid_daily_average_net_exchange_baseline_kwh,,244.71141193168833
district_energy_grid_daily_average_net_exchange_business_as_usual_kwh,,246.21052650956776
district_energy_grid_daily_average_net_exchange_control_kwh,,246.21052650956776
district_energy_grid_daily_average_net_exchange_delta_kwh,,1.4991145778794308
district_energy_grid_daily_average_net_exchange_delta_to_business_as_usual_kwh,,0.0
district_energy_grid_ratio_to_baseline_export_total_ratio,,0.0263574012950551
district_energy_grid_ratio_to_baseline_import_total_ratio,,0.9608650969735613
district_energy_grid_ratio_to_baseline_net_exchange_total_ratio,,1.0061260509513872
district_energy_grid_ratio_to_business_as_usual_export_total_ratio,,1.0
district_energy_grid_ratio_to_business_as_usual_import_total_ratio,,1.0
district_energy_grid_ratio_to_business_as_usual_net_exchange_total_ratio,,1.0
district_energy_grid_shape_quality_load_factor_penalty_daily_average_business_as_usual_ratio,,0.5843616946012353
district_energy_grid_shape_quality_load_factor_penalty_daily_average_delta_to_business_as_usual_ratio,,0.0
district_energy_grid_shape_quality_load_factor_penalty_daily_average_to_baseline_ratio,,0.9792343651844212
district_energy_grid_shape_quality_load_factor_penalty_daily_average_to_business_as_usual_ratio,,1.0
district_energy_grid_shape_quality_load_factor_penalty_monthly_average_business_as_usual_ratio,,0.7356031962572914
district_energy_grid_shape_quality_load_factor_penalty_monthly_average_delta_to_business_as_usual_ratio,,0.0
district_energy_grid_shape_quality_load_factor_penalty_monthly_average_to_baseline_ratio,,0.9969671986893022
district_energy_grid_shape_quality_load_factor_penalty_monthly_average_to_business_as_usual_ratio,,1.0
district_energy_grid_shape_quality_peak_all_time_average_business_as_usual_kw,,49.02666473388672
district_energy_grid_shape_quality_peak_all_time_average_delta_to_business_as_usual_kw,,0.0
district_energy_grid_shape_quality_peak_all_time_average_to_baseline_ratio,,1.0
district_energy_grid_shape_quality_peak_all_time_average_to_business_as_usual_ratio,,1.0
district_energy_grid_shape_quality_peak_daily_average_business_as_usual_kw,,23.04641091072396
district_energy_grid_shape_quality_peak_daily_average_delta_to_business_as_usual_kw,,0.0
district_energy_grid_shape_quality_peak_daily_average_to_baseline_ratio,,0.9848724440844467
district_energy_grid_shape_quality_peak_daily_average_to_business_as_usual_ratio,,1.0
district_energy_grid_shape_quality_ramping_average_business_as_usual_kw,,29506.796936804894
district_energy_grid_shape_quality_ramping_average_delta_to_business_as_usual_kw,,0.0
district_energy_grid_shape_quality_ramping_average_to_baseline_ratio,,0.8160947585921869
district_energy_grid_shape_quality_ramping_average_to_business_as_usual_ratio,,1.0
district_energy_grid_total_export_baseline_kwh,,4325.8904212117195
district_energy_grid_total_export_business_as_usual_kwh,,114.01922979031224
district_energy_grid_total_export_control_kwh,,114.01922979031224
district_energy_grid_total_export_delta_kwh,,-4211.871191421407
district_energy_grid_total_export_delta_to_business_as_usual_kwh,,0.0
district_energy_grid_total_import_baseline_kwh,,93643.00669907033
district_energy_grid_total_import_business_as_usual_kwh,,89978.29671279807
district_energy_grid_total_import_control_kwh,,89978.29671279807
district_energy_grid_total_import_delta_kwh,,-3664.709986272268
district_energy_grid_total_import_delta_to_business_as_usual_kwh,,0.0
district_energy_grid_total_net_exchange_baseline_kwh,,89317.11627785861
district_energy_grid_total_net_exchange_business_as_usual_kwh,,89864.27748300775
district_energy_grid_total_net_exchange_control_kwh,,89864.27748300775
district_energy_grid_total_net_exchange_delta_kwh,,547.1612051491393
district_energy_grid_total_net_exchange_delta_to_business_as_usual_kwh,,0.0
district_equity_distribution_bpr_asset_poor_over_rich_ratio,,
district_equity_distribution_gini_benefit_ratio,,0.0
district_equity_distribution_losers_percent,,0.0
district_equity_distribution_top20_benefit_ratio,,1.0
district_ev_events_departure_count,,0.0
district_ev_events_departure_met_count,,0.0
district_ev_events_departure_min_acceptable_count,,0.0
district_ev_events_departure_min_acceptable_feasible_count,,0.0
district_ev_events_departure_min_acceptable_infeasible_count,,0.0
district_ev_events_departure_target_feasible_count,,0.0
district_ev_events_departure_target_infeasible_count,,0.0
district_ev_events_departure_within_tolerance_count,,0.0
district_ev_events_departure_within_tolerance_feasible_count,,0.0
district_ev_events_departure_within_tolerance_infeasible_count,,0.0
district_ev_performance_departure_min_acceptable_feasible_ratio,,
district_ev_performance_departure_min_acceptable_ratio,,
district_ev_performance_departure_shortfall_beyond_tolerance_mean_ratio,,
district_ev_performance_departure_soc_absolute_error_mean_ratio,,
district_ev_performance_departure_soc_deficit_mean_ratio,,
district_ev_performance_departure_soc_surplus_mean_ratio,,
district_ev_performance_departure_success_feasible_ratio,,
district_ev_performance_departure_success_ratio,,
district_ev_performance_departure_tolerance_ratio,,0.05
district_ev_performance_departure_within_tolerance_feasible_ratio,,
district_ev_performance_departure_within_tolerance_ratio,,
district_ev_ratio_to_business_as_usual_charge_total_ratio,,1.0
district_ev_ratio_to_business_as_usual_v2g_export_total_ratio,,1.0
district_ev_total_charge_business_as_usual_kwh,,0.0
district_ev_total_charge_delta_to_business_as_usual_kwh,,0.0
district_ev_total_charge_kwh,,0.0
district_ev_total_v2g_export_business_as_usual_kwh,,0.0
district_ev_total_v2g_export_delta_to_business_as_usual_kwh,,0.0
district_ev_total_v2g_export_kwh,,0.0
district_solar_self_consumption_community_market_local_share_of_demand_ratio,,
district_solar_self_consumption_community_market_local_share_of_export_ratio,,
district_solar_self_consumption_daily_average_export_business_as_usual_kwh,,0.3123903667304996
district_solar_self_consumption_daily_average_export_delta_to_business_as_usual_kwh,,0.0
district_solar_self_consumption_daily_average_export_kwh,,0.3123903667304996
district_solar_self_consumption_daily_average_generation_business_as_usual_kwh,,151.31942122163048
district_solar_self_consumption_daily_average_generation_delta_to_business_as_usual_kwh,,0.0
district_solar_self_consumption_daily_average_generation_kwh,,151.31942122163048
district_solar_self_consumption_ratio_self_consumption_business_as_usual_ratio,,0.9979355566905522
district_solar_self_consumption_ratio_self_consumption_delta_to_business_as_usual_ratio,,0.0
district_solar_self_consumption_ratio_self_consumption_ratio,,0.9979355566905522
district_solar_self_consumption_ratio_to_business_as_usual_export_total_ratio,,1.0
district_solar_self_consumption_ratio_to_business_as_usual_generation_total_ratio,,1.0
district_solar_self_consumption_ratio_to_business_as_usual_self_consumption_ratio,,1.0
district_solar_self_consumption_total_export_business_as_usual_kwh,,114.01922979031224
district_solar_self_consumption_total_export_delta_to_business_as_usual_kwh,,0.0
district_solar_self_consumption_total_export_kwh,,114.01922979031224
district_solar_self_consumption_total_generation_business_as_usual_kwh,,55230.012501924066
district_solar_self_consumption_total_generation_delta_to_business_as_usual_kwh,,0.0
district_solar_self_consumption_total_generation_kwh,,55230.012501924066
