month,hour,day_type,daylight_savings_status,indoor_dry_bulb_temperature,average_unmet_cooling_setpoint_difference,indoor_relative_humidity,non_shiftable_load,dhw_demand,cooling_demand,heating_demand,solar_generation
9,16,7,0,,,,2.123,0.0,0.0,0.0,372.01666
9,17,7,0,,,,0.96505,0.0,0.0,0.0,176.0375
9,18,7,0,,,,0.46021667,0.0,0.0,0.0,25.8875
9,19,7,0,,,,0.6099333,0.0,0.0,0.0,0.0
9,20,7,0,,,,1.2517667,0.0,0.0,0.0,0.0
9,21,7,0,,,,3.5116668,0.0,0.0,0.0,0.0
9,22,7,0,,,,3.2530668,0.0,0.0,0.0,0.0
9,23,7,0,,,,0.92515,0.0,0.0,0.0,0.0
9,24,7,0,,,,2.0204334,0.0,0.0,0.0,0.0
9,1,1,0,,,,1.9382,0.0,0.0,0.0,0.0
9,2,1,0,,,,1.5240333,0.0,0.0,0.0,0.0
9,3,1,0,,,,0.8781833,0.0,0.0,0.0,0.0
9,4,1,0,,,,1.0361167,0.0,0.0,0.0,0.0
9,5,1,0,,,,1.0314833,0.0,0.0,0.0,0.0
9,6,1,0,,,,0.94625,0.0,0.0,0.0,0.84583336
9,7,1,0,,,,0.7680167,0.0,0.0,0.0,53.741665
9,8,1,0,,,,0.75058335,0.0,0.0,0.0,113.225
9,9,1,0,,,,0.7266333,0.0,0.0,0.0,291.01666
9,10,1,0,,,,2.96985,0.0,0.0,0.0,617.4375
9,11,1,0,,,,3.3789666,0.0,0.0,0.0,722.5958
9,12,1,0,,,,2.6165833,0.0,0.0,0.0,760.925
9,13,1,0,,,,0.74158335,0.0,0.0,0.0,743.725
9,14,1,0,,,,0.7876833,0.0,0.0,0.0,680.32086
9,15,1,0,,,,0.90885,0.0,0.0,0.0,551.13336
9,16,1,0,,,,0.80195,0.0,0.0,0.0,377.6375
9,17,1,0,,,,0.77195,0.0,0.0,0.0,175.17917
9,18,1,0,,,,3.4195333,0.0,0.0,0.0,25.075
9,19,1,0,,,,1.7135333,0.0,0.0,0.0,0.0
9,20,1,0,,,,2.0153832,0.0,0.0,0.0,0.0
9,21,1,0,,,,3.1475167,0.0,0.0,0.0,0.0
9,22,1,0,,,,0.89706665,0.0,0.0,0.0,0.0
9,23,1,0,,,,0.92745,0.0,0.0,0.0,0.0
9,24,1,0,,,,0.8457083,0.0,0.0,0.0,0.0
9,1,2,0,,,,0.79931664,0.0,0.0,0.0,0.0
9,2,2,0,,,,0.8143167,0.0,0.0,0.0,0.0
9,3,2,0,,,,0.7647833,0.0,0.0,0.0,0.0
9,4,2,0,,,,0.8800167,0.0,0.0,0.0,0.0
9,5,2,0,,,,0.74083334,0.0,0.0,0.0,0.0
9,6,2,0,,,,0.75245,0.0,0.0,0.0,0.0
9,7,2,0,,,,0.7345667,0.0,0.0,0.0,13.820833
9,8,2,0,,,,0.53828335,0.0,0.0,0.0,58.454166
9,9,2,0,,,,0.60801667,0.0,0.0,0.0,91.120834
9,10,2,0,,,,0.9730333,0.0,0.0,0.0,103.21667
9,11,2,0,,,,0.7226667,0.0,0.0,0.0,90.8125
9,12,2,0,,,,0.4801,0.0,0.0,0.0,96.458336
9,13,2,0,,,,0.56265,0.0,0.0,0.0,239.975
9,14,2,0,,,,0.54976666,0.0,0.0,0.0,162.25833
9,15,2,0,,,,2.2940834,0.0,0.0,0.0,415.49167
9,16,2,0,,,,1.1054667,0.0,0.0,0.0,294.30417
9,17,2,0,,,,1.0096,0.0,0.0,0.0,153.09166
9,18,2,0,,,,0.89321667,0.0,0.0,0.0,17.279167
9,19,2,0,,,,0.85385,0.0,0.0,0.0,0.0
9,20,2,0,,,,0.8359333,0.0,0.0,0.0,0.0
9,21,2,0,,,,0.78576666,0.0,0.0,0.0,0.0
9,22,2,0,,,,0.7966167,0.0,0.0,0.0,0.0
9,23,2,0,,,,0.7639,0.0,0.0,0.0,0.0
9,24,2,0,,,,0.913825,0.0,0.0,0.0,0.0
9,1,3,0,,,,0.77453333,0.0,0.0,0.0,0.0
9,2,3,0,,,,0.7613,0.0,0.0,0.0,0.0
9,3,3,0,,,,0.7425917,0.0,0.0,0.0,0.0
9,4,3,0,,,,0.758425,0.0,0.0,0.0,0.0
9,5,3,0,,,,0.85765,0.0,0.0,0.0,0.0
9,6,3,0,,,,0.74965,0.0,0.0,0.0,2.3958333
9,7,3,0,,,,0.61395,0.0,0.0,0.0,108.058334
9,8,3,0,,,,0.65396667,0.0,0.0,0.0,297.675
9,9,3,0,,,,0.64806664,0.0,0.0,0.0,480.96667
9,10,3,0,,,,0.62126666,0.0,0.0,0.0,624.0833
9,11,3,0,,,,0.86076665,0.0,0.0,0.0,727.38336
9,12,3,0,,,,0.7352833,0.0,0.0,0.0,771.36664
9,13,3,0,,,,0.9882333,0.0,0.0,0.0,756.4667
9,14,3,0,,,,0.9558667,0.0,0.0,0.0,683.725
9,15,3,0,,,,0.7027,0.0,0.0,0.0,558.8333
9,16,3,0,,,,0.71345,0.0,0.0,0.0,379.6375
9,17,3,0,,,,0.7083833,0.0,0.0,0.0,176.84584
9,18,3,0,,,,1.4893,0.0,0.0,0.0,22.341667
9,19,3,0,,,,2.1030667,0.0,0.0,0.0,0.0
9,20,3,0,,,,3.2623167,0.0,0.0,0.0,0.0
9,21,3,0,,,,1.9721167,0.0,0.0,0.0,0.0
9,22,3,0,,,,1.1885834,0.0,0.0,0.0,0.0
9,23,3,0,,,,0.8003833,0.0,0.0,0.0,0.0
9,24,3,0,,,,0.80945,0.0,0.0,0.0,0.0
9,1,4,0,,,,0.7116333,0.0,0.0,0.0,0.0
9,2,4,0,,,,0.7808333,0.0,0.0,0.0,0.0
9,3,4,0,,,,0.79966664,0.0,0.0,0.0,0.0
9,4,4,0,,,,0.6864,0.0,0.0,0.0,0.0
9,5,4,0,,,,1.0963833,0.0,0.0,0.0,0.0
9,6,4,0,,,,1.3630333,0.0,0.0,0.0,1.3125
9,7,4,0,,,,0.64853334,0.0,0.0,0.0,92.28333
9,8,4,0,,,,0.6250167,0.0,0.0,0.0,285.4875
9,9,4,0,,,,0.46493334,0.0,0.0,0.0,475.69168
9,10,4,0,,,,0.57123333,0.0,0.0,0.0,622.94586
9,11,4,0,,,,0.55018336,0.0,0.0,0.0,720.425
9,12,4,0,,,,0.56453335,0.0,0.0,0.0,762.20416
9,13,4,0,,,,0.54865,0.0,0.0,0.0,745.54584
9,14,4,0,,,,0.722,0.0,0.0,0.0,681.17084
9,15,4,0,,,,0.50268334,0.0,0.0,0.0,551.6583
9,16,4,0,,,,1.8116333,0.0,0.0,0.0,375.64166
9,17,4,0,,,,3.8248334,0.0,0.0,0.0,174.9
9,18,4,0,,,,6.005417,0.0,0.0,0.0,22.6625
9,19,4,0,,,,3.2238166,0.0,0.0,0.0,0.0
9,20,4,0,,,,1.8229333,0.0,0.0,0.0,0.0
9,21,4,0,,,,2.1790166,0.0,0.0,0.0,0.0
9,22,4,0,,,,1.0771667,0.0,0.0,0.0,0.0
9,23,4,0,,,,0.97033334,0.0,0.0,0.0,0.0
9,24,4,0,,,,0.79428333,0.0,0.0,0.0,0.0
9,1,5,0,,,,0.81346667,0.0,0.0,0.0,0.0
9,2,5,0,,,,2.1605833,0.0,0.0,0.0,0.0
9,3,5,0,,,,1.22035,0.0,0.0,0.0,0.0
9,4,5,0,,,,0.77668333,0.0,0.0,0.0,0.0
9,5,5,0,,,,0.93995,0.0,0.0,0.0,0.0
9,6,5,0,,,,0.95986664,0.0,0.0,0.0,1.0333333
9,7,5,0,,,,0.49516666,0.0,0.0,0.0,89.90833
9,8,5,0,,,,0.7033167,0.0,0.0,0.0,280.85834
9,9,5,0,,,,0.59745,0.0,0.0,0.0,468.32916
9,10,5,0,,,,0.5754667,0.0,0.0,0.0,614.9167
9,11,5,0,,,,0.56163335,0.0,0.0,0.0,710.39166
9,12,5,0,,,,0.56951666,0.0,0.0,0.0,754.2083
9,13,5,0,,,,0.50803334,0.0,0.0,0.0,735.6875
9,14,5,0,,,,0.52596664,0.0,0.0,0.0,662.2083
9,15,5,0,,,,0.5068333,0.0,0.0,0.0,531.8542
9,16,5,0,,,,1.1512834,0.0,0.0,0.0,355.04166
9,17,5,0,,,,2.4817,0.0,0.0,0.0,159.85
9,18,5,0,,,,1.0480666,0.0,0.0,0.0,18.216667
9,19,5,0,,,,2.3835666,0.0,0.0,0.0,0.0
9,20,5,0,,,,2.1791,0.0,0.0,0.0,0.0
9,21,5,0,,,,1.1901667,0.0,0.0,0.0,0.0
9,22,5,0,,,,0.7644,0.0,0.0,0.0,0.0
9,23,5,0,,,,0.73588336,0.0,0.0,0.0,0.0
9,24,5,0,,,,3.0386167,0.0,0.0,0.0,0.0
9,1,6,0,,,,0.90721667,0.0,0.0,0.0,0.0
9,2,6,0,,,,0.8326667,0.0,0.0,0.0,0.0
9,3,6,0,,,,0.78353333,0.0,0.0,0.0,0.0
9,4,6,0,,,,1.19865,0.0,0.0,0.0,0.0
9,5,6,0,,,,0.82346666,0.0,0.0,0.0,0.0
9,6,6,0,,,,0.82303333,0.0,0.0,0.0,1.9958333
9,7,6,0,,,,1.0739167,0.0,0.0,0.0,96.620834
9,8,6,0,,,,1.09585,0.0,0.0,0.0,275.15417
9,9,6,0,,,,1.32185,0.0,0.0,0.0,461.4125
9,10,6,0,,,,1.04765,0.0,0.0,0.0,609.23334
9,11,6,0,,,,1.149,0.0,0.0,0.0,703.12915
9,12,6,0,,,,1.4733167,0.0,0.0,0.0,742.45
9,13,6,0,,,,1.34665,0.0,0.0,0.0,727.2375
9,14,6,0,,,,1.0100833,0.0,0.0,0.0,644.525
9,15,6,0,,,,0.6341,0.0,0.0,0.0,517.0375
9,16,6,0,,,,3.4096832,0.0,0.0,0.0,347.47916
9,17,6,0,,,,3.8300667,0.0,0.0,0.0,157.25833
9,18,6,0,,,,1.1246,0.0,0.0,0.0,17.641666
9,19,6,0,,,,1.3548167,0.0,0.0,0.0,0.0
9,20,6,0,,,,4.0912833,0.0,0.0,0.0,0.0
9,21,6,0,,,,3.9380167,0.0,0.0,0.0,0.0
9,22,6,0,,,,2.25655,0.0,0.0,0.0,0.0
9,23,6,0,,,,1.17415,0.0,0.0,0.0,0.0
9,24,6,0,,,,1.1555166,0.0,0.0,0.0,0.0
9,1,7,0,,,,1.1764667,0.0,0.0,0.0,0.0
9,2,7,0,,,,1.3163333,0.0,0.0,0.0,0.0
9,3,7,0,,,,1.2171834,0.0,0.0,0.0,0.0
9,4,7,0,,,,1.1651,0.0,0.0,0.0,0.0
9,5,7,0,,,,1.18695,0.0,0.0,0.0,0.0
9,6,7,0,,,,1.361,0.0,0.0,0.0,0.725
9,7,7,0,,,,1.8255833,0.0,0.0,0.0,88.333336
9,8,7,0,,,,2.9859166,0.0,0.0,0.0,277.45416
9,9,7,0,,,,3.1974862,0.0,0.0,0.0,457.39584
9,10,7,0,,,,2.7289,0.0,0.0,0.0,604.1375
9,11,7,0,,,,2.3602333,0.0,0.0,0.0,695.95
9,12,7,0,,,,2.31025,0.0,0.0,0.0,725.5375
9,13,7,0,,,,0.98613334,0.0,0.0,0.0,710.5833
9,14,7,0,,,,1.4035167,0.0,0.0,0.0,633.36664
9,15,7,0,,,,1.7808334,0.0,0.0,0.0,509.35416
9,16,7,0,,,,3.8552,0.0,0.0,0.0,341.04584
9,17,7,0,,,,3.9582,0.0,0.0,0.0,153.87083
9,18,7,0,,,,5.8392334,0.0,0.0,0.0,16.720833
9,19,7,0,,,,4.6398168,0.0,0.0,0.0,0.0
9,20,7,0,,,,4.0102334,0.0,0.0,0.0,0.0
9,21,7,0,,,,3.5719666,0.0,0.0,0.0,0.0
9,22,7,0,,,,2.3125668,0.0,0.0,0.0,0.0
9,23,7,0,,,,1.43395,0.0,0.0,0.0,0.0
9,24,7,0,,,,1.3849167,0.0,0.0,0.0,0.0
9,1,1,0,,,,0.7529,0.0,0.0,0.0,0.0
9,2,1,0,,,,0.96636665,0.0,0.0,0.0,0.0
9,3,1,0,,,,0.76498336,0.0,0.0,0.0,0.0
9,4,1,0,,,,0.9419,0.0,0.0,0.0,0.0
9,5,1,0,,,,1.7055334,0.0,0.0,0.0,0.0
9,6,1,0,,,,0.9910833,0.0,0.0,0.0,0.9875
9,7,1,0,,,,0.7815667,0.0,0.0,0.0,43.979168
9,8,1,0,,,,0.52515,0.0,0.0,0.0,202.3375
9,9,1,0,,,,0.51958334,0.0,0.0,0.0,418.37918
9,10,1,0,,,,0.60351664,0.0,0.0,0.0,586.8542
9,11,1,0,,,,0.61191666,0.0,0.0,0.0,636.1667
9,12,1,0,,,,0.5776,0.0,0.0,0.0,529.1542
9,13,1,0,,,,1.4367666,0.0,0.0,0.0,180.23334
9,14,1,0,,,,1.2990834,0.0,0.0,0.0,239.23334
9,15,1,0,,,,0.53255,0.0,0.0,0.0,127.525
9,16,1,0,,,,0.5316833,0.0,0.0,0.0,81.05
9,17,1,0,,,,0.54873335,0.0,0.0,0.0,57.85
9,18,1,0,,,,1.7766167,0.0,0.0,0.0,33.770832
9,19,1,0,,,,3.8020167,0.0,0.0,0.0,0.0
9,20,1,0,,,,3.9273667,0.0,0.0,0.0,0.0
9,21,1,0,,,,3.7148166,0.0,0.0,0.0,0.0
9,22,1,0,,,,3.4102666,0.0,0.0,0.0,0.0
9,23,1,0,,,,1.4225334,0.0,0.0,0.0,0.0
9,24,1,0,,,,2.937575,0.0,0.0,0.0,0.0
9,1,2,0,,,,0.7759333,0.0,0.0,0.0,0.0
9,2,2,0,,,,0.7582167,0.0,0.0,0.0,0.0
9,3,2,0,,,,0.9325333,0.0,0.0,0.0,0.0
9,4,2,0,,,,0.73588336,0.0,0.0,0.0,0.0
9,5,2,0,,,,0.82395,0.0,0.0,0.0,0.0
9,6,2,0,,,,1.0792834,0.0,0.0,0.0,0.0
9,7,2,0,,,,0.5496167,0.0,0.0,0.0,31.091667
9,8,2,0,,,,0.52183336,0.0,0.0,0.0,169.49167
9,9,2,0,,,,0.5504,0.0,0.0,0.0,225.58333
9,10,2,0,,,,0.4723,0.0,0.0,0.0,423.42084
9,11,2,0,,,,0.6328833,0.0,0.0,0.0,193.74167
9,12,2,0,,,,0.6248,0.0,0.0,0.0,215.67084
9,13,2,0,,,,0.98116666,0.0,0.0,0.0,148.08333
9,14,2,0,,,,0.61265,0.0,0.0,0.0,129.12917
9,15,2,0,,,,0.7209833,0.0,0.0,0.0,77.879166
9,16,2,0,,,,2.9487333,0.0,0.0,0.0,91.8125
9,17,2,0,,,,3.96705,0.0,0.0,0.0,173.425
9,18,2,0,,,,1.0833,0.0,0.0,0.0,21.141666
9,19,2,0,,,,1.5439167,0.0,0.0,0.0,0.0
9,20,2,0,,,,1.2168167,0.0,0.0,0.0,0.0
9,21,2,0,,,,1.1899084,0.0,0.0,0.0,0.0
9,22,2,0,,,,0.65945,0.0,0.0,0.0,0.0
9,23,2,0,,,,0.68303335,0.0,0.0,0.0,0.0
9,24,2,0,,,,2.1120834,0.0,0.0,0.0,0.0
9,1,3,0,,,,2.2036333,0.0,0.0,0.0,0.0
9,2,3,0,,,,3.2405334,0.0,0.0,0.0,0.0
9,3,3,0,,,,0.88313335,0.0,0.0,0.0,0.0
9,4,3,0,,,,1.3620334,0.0,0.0,0.0,0.0
9,5,3,0,,,,0.7856167,0.0,0.0,0.0,0.0
9,6,3,0,,,,0.82338333,0.0,0.0,0.0,0.0
9,7,3,0,,,,0.4169,0.0,0.0,0.0,41.608334
9,8,3,0,,,,0.42655,0.0,0.0,0.0,184.07916
9,9,3,0,,,,0.44428334,0.0,0.0,0.0,373.37082
9,10,3,0,,,,0.6293667,0.0,0.0,0.0,386.79584
9,11,3,0,,,,0.7029667,0.0,0.0,0.0,704.65
9,12,3,0,,,,0.3928,0.0,0.0,0.0,696.3417
9,13,3,0,,,,0.46918333,0.0,0.0,0.0,572.2375
9,14,3,0,,,,0.41548333,0.0,0.0,0.0,541.2167
9,15,3,0,,,,0.42628333,0.0,0.0,0.0,405.32083
9,16,3,0,,,,0.4742,0.0,0.0,0.0,280.80417
9,17,3,0,,,,0.40416667,0.0,0.0,0.0,114.558334
9,18,3,0,,,,1.8661166,0.0,0.0,0.0,8.866667
9,19,3,0,,,,2.8562334,0.0,0.0,0.0,0.0
9,20,3,0,,,,2.7069166,0.0,0.0,0.0,0.0
9,21,3,0,,,,2.0026,0.0,0.0,0.0,0.0
9,22,3,0,,,,1.0936333,0.0,0.0,0.0,0.0
9,23,3,0,,,,0.6356,0.0,0.0,0.0,0.0
9,24,3,0,,,,0.6236,0.0,0.0,0.0,0.0
9,1,4,0,,,,1.9105834,0.0,0.0,0.0,0.0
9,2,4,0,,,,3.16355,0.0,0.0,0.0,0.0
9,3,4,0,,,,1.9341834,0.0,0.0,0.0,0.0
9,4,4,0,,,,1.7754834,0.0,0.0,0.0,0.0
9,5,4,0,,,,1.2869834,0.0,0.0,0.0,0.0
9,6,4,0,,,,0.55593336,0.0,0.0,0.0,0.0
9,7,4,0,,,,0.61191666,0.0,0.0,0.0,22.545834
9,8,4,0,,,,0.5339,0.0,0.0,0.0,92.245834
9,9,4,0,,,,0.4405,0.0,0.0,0.0,287.75418
9,10,4,0,,,,0.41243333,0.0,0.0,0.0,531.4875
9,11,4,0,,,,0.41741666,0.0,0.0,0.0,688.44165
9,12,4,0,,,,0.42325,0.0,0.0,0.0,667.01666
9,13,4,0,,,,0.44878334,0.0,0.0,0.0,664.57916
9,14,4,0,,,,0.87053335,0.0,0.0,0.0,618.7292
9,15,4,0,,,,0.49168333,0.0,0.0,0.0,492.84167
9,16,4,0,,,,1.9723333,0.0,0.0,0.0,76.10833
9,17,4,0,,,,1.0515333,0.0,0.0,0.0,53.629166
9,18,4,0,,,,1.3045334,0.0,0.0,0.0,8.45
9,19,4,0,,,,2.0777,0.0,0.0,0.0,0.0
9,20,4,0,,,,2.9067333,0.0,0.0,0.0,0.0
9,21,4,0,,,,1.7942834,0.0,0.0,0.0,0.0
9,22,4,0,,,,0.4605,0.0,0.0,0.0,0.0
9,23,4,0,,,,0.42236668,0.0,0.0,0.0,0.0
9,24,4,0,,,,0.46308333,0.0,0.0,0.0,0.0
9,1,5,0,,,,0.4203,0.0,0.0,0.0,0.0
9,2,5,0,,,,0.48030832,0.0,0.0,0.0,0.0
9,3,5,0,,,,0.4324,0.0,0.0,0.0,0.0
9,4,5,0,,,,0.55161667,0.0,0.0,0.0,0.0
9,5,5,0,,,,0.7155333,0.0,0.0,0.0,0.0
9,6,5,0,,,,0.7118,0.0,0.0,0.0,0.525
9,7,5,0,,,,0.4457,0.0,0.0,0.0,86.22083
9,8,5,0,,,,0.43241668,0.0,0.0,0.0,247.77083
9,9,5,0,,,,0.45035,0.0,0.0,0.0,457.59167
9,10,5,0,,,,0.42146668,0.0,0.0,0.0,633.3375
9,11,5,0,,,,0.46461666,0.0,0.0,0.0,732.29584
9,12,5,0,,,,0.43948334,0.0,0.0,0.0,783.55835
9,13,5,0,,,,0.46145,0.0,0.0,0.0,755.7792
9,14,5,0,,,,0.4259,0.0,0.0,0.0,670.05
9,15,5,0,,,,0.42016667,0.0,0.0,0.0,459.82083
9,16,5,0,,,,0.45046666,0.0,0.0,0.0,354.09583
9,17,5,0,,,,1.32,0.0,0.0,0.0,149.64166
9,18,5,0,,,,1.7895334,0.0,0.0,0.0,11.816667
9,19,5,0,,,,3.888,0.0,0.0,0.0,0.0
9,20,5,0,,,,1.1898834,0.0,0.0,0.0,0.0
9,21,5,0,,,,1.1595,0.0,0.0,0.0,0.0
9,22,5,0,,,,0.90903336,0.0,0.0,0.0,0.0
9,23,5,0,,,,3.0378833,0.0,0.0,0.0,0.0
9,24,5,0,,,,0.6851625,0.0,0.0,0.0,0.0
9,1,6,0,,,,0.6188167,0.0,0.0,0.0,0.0
9,2,6,0,,,,0.69301665,0.0,0.0,0.0,0.0
9,3,6,0,,,,0.9526167,0.0,0.0,0.0,0.0
9,4,6,0,,,,2.7522,0.0,0.0,0.0,0.0
9,5,6,0,,,,1.5174667,0.0,0.0,0.0,0.0
9,6,6,0,,,,1.02505,0.0,0.0,0.0,0.22083333
9,7,6,0,,,,0.48121667,0.0,0.0,0.0,83.74167
9,8,6,0,,,,0.38236666,0.0,0.0,0.0,272.44583
9,9,6,0,,,,0.45628333,0.0,0.0,0.0,467.19583
9,10,6,0,,,,0.39681667,0.0,0.0,0.0,624.375
9,11,6,0,,,,0.5634,0.0,0.0,0.0,727.2083
9,12,6,0,,,,0.82951665,0.0,0.0,0.0,770.1625
9,13,6,0,,,,2.3089833,0.0,0.0,0.0,744.675
9,14,6,0,,,,1.9875667,0.0,0.0,0.0,660.19586
9,15,6,0,,,,1.24035,0.0,0.0,0.0,522.45416
9,16,6,0,,,,1.8091834,0.0,0.0,0.0,342.51666
9,17,6,0,,,,1.8031833,0.0,0.0,0.0,144.95416
9,18,6,0,,,,1.4693834,0.0,0.0,0.0,11.333333
9,19,6,0,,,,1.34825,0.0,0.0,0.0,0.0
9,20,6,0,,,,1.0856333,0.0,0.0,0.0,0.0
9,21,6,0,,,,1.1991167,0.0,0.0,0.0,0.0
9,22,6,0,,,,0.7722333,0.0,0.0,0.0,0.0
9,23,6,0,,,,0.7140833,0.0,0.0,0.0,0.0
9,24,6,0,,,,0.7627917,0.0,0.0,0.0,0.0
9,1,7,0,,,,0.73073334,0.0,0.0,0.0,0.0
9,2,7,0,,,,0.7560167,0.0,0.0,0.0,0.0
9,3,7,0,,,,0.74226665,0.0,0.0,0.0,0.0
9,4,7,0,,,,0.74623334,0.0,0.0,0.0,0.0
9,5,7,0,,,,0.7543833,0.0,0.0,0.0,0.0
9,6,7,0,,,,1.2819,0.0,0.0,0.0,0.22083333
9,7,7,0,,,,1.0167667,0.0,0.0,0.0,85.14167
9,8,7,0,,,,0.7506833,0.0,0.0,0.0,278.75833
9,9,7,0,,,,0.74301666,0.0,0.0,0.0,479.50418
9,10,7,0,,,,1.3389167,0.0,0.0,0.0,647.55414
9,11,7,0,,,,2.10045,0.0,0.0,0.0,750.3375
9,12,7,0,,,,0.90935,0.0,0.0,0.0,783.95416
9,13,7,0,,,,2.77845,0.0,0.0,0.0,766.3542
9,14,7,0,,,,1.5655,0.0,0.0,0.0,688.8375
9,15,7,0,,,,1.1984333,0.0,0.0,0.0,542.94586
9,16,7,0,,,,2.3637166,0.0,0.0,0.0,355.63333
9,17,7,0,,,,3.78045,0.0,0.0,0.0,152.44167
9,18,7,0,,,,3.9498668,0.0,0.0,0.0,11.241667
9,19,7,0,,,,4.8292165,0.0,0.0,0.0,0.0
9,20,7,0,,,,3.8843834,0.0,0.0,0.0,0.0
9,21,7,0,,,,2.2389166,0.0,0.0,0.0,0.0
9,22,7,0,,,,1.5958667,0.0,0.0,0.0,0.0
9,23,7,0,,,,2.1582,0.0,0.0,0.0,0.0
9,24,7,0,,,,0.7402167,0.0,0.0,0.0,0.0
9,1,1,0,,,,0.73055,0.0,0.0,0.0,0.0
9,2,1,0,,,,0.73695,0.0,0.0,0.0,0.0
9,3,1,0,,,,0.7251833,0.0,0.0,0.0,0.0
9,4,1,0,,,,0.7345,0.0,0.0,0.0,0.0
9,5,1,0,,,,0.88,0.0,0.0,0.0,0.0
9,6,1,0,,,,1.7780666,0.0,0.0,0.0,0.0
9,7,1,0,,,,1.6465167,0.0,0.0,0.0,83.995834
9,8,1,0,,,,0.5528333,0.0,0.0,0.0,276.9875
9,9,1,0,,,,0.5511,0.0,0.0,0.0,471.83334
9,10,1,0,,,,0.5343,0.0,0.0,0.0,625.0375
9,11,1,0,,,,0.56175,0.0,0.0,0.0,723.24585
9,12,1,0,,,,1.5892833,0.0,0.0,0.0,756.5875
9,13,1,0,,,,1.7225,0.0,0.0,0.0,740.5333
9,14,1,0,,,,1.3137167,0.0,0.0,0.0,660.2792
9,15,1,0,,,,0.54945,0.0,0.0,0.0,541.325
9,16,1,0,,,,0.53788334,0.0,0.0,0.0,348.11667
9,17,1,0,,,,0.55226666,0.0,0.0,0.0,154.25833
9,18,1,0,,,,2.9838667,0.0,0.0,0.0,9.6375
9,19,1,0,,,,3.5937333,0.0,0.0,0.0,0.0
9,20,1,0,,,,4.338383,0.0,0.0,0.0,0.0
9,21,1,0,,,,4.6246166,0.0,0.0,0.0,0.0
9,22,1,0,,,,3.8456333,0.0,0.0,0.0,0.0
9,23,1,0,,,,1.9729667,0.0,0.0,0.0,0.0
9,24,1,0,,,,1.4762167,0.0,0.0,0.0,0.0
9,1,2,0,,,,0.7008333,0.0,0.0,0.0,0.0
9,2,2,0,,,,0.68868333,0.0,0.0,0.0,0.0
9,3,2,0,,,,0.6911833,0.0,0.0,0.0,0.0
9,4,2,0,,,,0.67333335,0.0,0.0,0.0,0.0
9,5,2,0,,,,2.1433833,0.0,0.0,0.0,0.0
9,6,2,0,,,,0.9341,0.0,0.0,0.0,0.0
9,7,2,0,,,,0.5716,0.0,0.0,0.0,80.541664
9,8,2,0,,,,0.72505,0.0,0.0,0.0,167.25
9,9,2,0,,,,0.5966833,0.0,0.0,0.0,243.88333
9,10,2,0,,,,0.53213334,0.0,0.0,0.0,473.47916
9,11,2,0,,,,0.58453333,0.0,0.0,0.0,585.64166
9,12,2,0,,,,0.51481664,0.0,0.0,0.0,773.9792
9,13,2,0,,,,0.5515,0.0,0.0,0.0,732.13336
9,14,2,0,,,,1.3033667,0.0,0.0,0.0,465.03333
9,15,2,0,,,,0.52075,0.0,0.0,0.0,367.7875
9,16,2,0,,,,1.6881,0.0,0.0,0.0,140.475
9,17,2,0,,,,3.4377832,0.0,0.0,0.0,86.0875
9,18,2,0,,,,1.4073334,0.0,0.0,0.0,9.766666
9,19,2,0,,,,4.925083,0.0,0.0,0.0,0.0
9,20,2,0,,,,3.9243333,0.0,0.0,0.0,0.0
9,21,2,0,,,,3.5706832,0.0,0.0,0.0,0.0
9,22,2,0,,,,3.3392167,0.0,0.0,0.0,0.0
9,23,2,0,,,,3.27605,0.0,0.0,0.0,0.0
9,24,2,0,,,,1.6126833,0.0,0.0,0.0,0.0
9,1,3,0,,,,0.67083335,0.0,0.0,0.0,0.0
9,2,3,0,,,,0.66646665,0.0,0.0,0.0,0.0
9,3,3,0,,,,0.65568334,0.0,0.0,0.0,0.0
9,4,3,0,,,,0.56871665,0.0,0.0,0.0,0.0
9,5,3,0,,,,0.63166666,0.0,0.0,0.0,0.0
9,6,3,0,,,,0.77793336,0.0,0.0,0.0,0.0
9,7,3,0,,,,0.7353167,0.0,0.0,0.0,82.55
9,8,3,0,,,,0.725,0.0,0.0,0.0,284.3
9,9,3,0,,,,1.0226667,0.0,0.0,0.0,473.1875
9,10,3,0,,,,1.0949334,0.0,0.0,0.0,600.2167
9,11,3,0,,,,0.57926667,0.0,0.0,0.0,690.1625
9,12,3,0,,,,0.55945,0.0,0.0,0.0,546.80835
9,13,3,0,,,,2.4299166,0.0,0.0,0.0,509.9625
9,14,3,0,,,,2.1707168,0.0,0.0,0.0,361.92084
9,15,3,0,,,,1.7950333,0.0,0.0,0.0,473.9125
9,16,3,0,,,,1.9186833,0.0,0.0,0.0,230.29584
9,17,3,0,,,,1.9952667,0.0,0.0,0.0,20.104166
9,18,3,0,,,,0.9044,0.0,0.0,0.0,6.7291665
9,19,3,0,,,,4.60865,0.0,0.0,0.0,0.0
9,20,3,0,,,,1.7169,0.0,0.0,0.0,0.0
9,21,3,0,,,,1.2303,0.0,0.0,0.0,0.0
9,22,3,0,,,,0.6993,0.0,0.0,0.0,0.0
9,23,3,0,,,,1.8537166,0.0,0.0,0.0,0.0
9,24,3,0,,,,3.3506,0.0,0.0,0.0,0.0
9,1,4,0,,,,0.7523,0.0,0.0,0.0,0.0
9,2,4,0,,,,2.8841667,0.0,0.0,0.0,0.0
9,3,4,0,,,,2.91225,0.0,0.0,0.0,0.0
9,4,4,0,,,,1.2130834,0.0,0.0,0.0,0.0
9,5,4,0,,,,0.93226665,0.0,0.0,0.0,0.0
9,6,4,0,,,,0.9828333,0.0,0.0,0.0,0.0
9,7,4,0,,,,0.58461666,0.0,0.0,0.0,93.6875
9,8,4,0,,,,0.55988336,0.0,0.0,0.0,309.66666
9,9,4,0,,,,0.58208334,0.0,0.0,0.0,511.09583
9,10,4,0,,,,0.57058334,0.0,0.0,0.0,657.5292
9,11,4,0,,,,0.63965,0.0,0.0,0.0,758.6458
9,12,4,0,,,,0.57281667,0.0,0.0,0.0,797.425
9,13,4,0,,,,0.5631833,0.0,0.0,0.0,780.0375
9,14,4,0,,,,0.5699,0.0,0.0,0.0,530.8125
9,15,4,0,,,,0.7243,0.0,0.0,0.0,517.07916
9,16,4,0,,,,3.1566,0.0,0.0,0.0,357.19583
9,17,4,0,,,,5.364967,0.0,0.0,0.0,120.25833
9,18,4,0,,,,2.836,0.0,0.0,0.0,7.7875
9,19,4,0,,,,4.27705,0.0,0.0,0.0,0.0
9,20,4,0,,,,4.181383,0.0,0.0,0.0,0.0
9,21,4,0,,,,3.1176667,0.0,0.0,0.0,0.0
9,22,4,0,,,,0.68883336,0.0,0.0,0.0,0.0
9,23,4,0,,,,2.5592833,0.0,0.0,0.0,0.0
9,24,4,0,,,,0.69405,0.0,0.0,0.0,0.0
9,1,5,0,,,,0.6490167,0.0,0.0,0.0,0.0
9,2,5,0,,,,0.64715,0.0,0.0,0.0,0.0
9,3,5,0,,,,0.6746333,0.0,0.0,0.0,0.0
9,4,5,0,,,,1.87035,0.0,0.0,0.0,0.0
9,5,5,0,,,,2.0190334,0.0,0.0,0.0,0.0
9,6,5,0,,,,0.7733167,0.0,0.0,0.0,0.0
9,7,5,0,,,,0.5883333,0.0,0.0,0.0,91.875
9,8,5,0,,,,0.59618336,0.0,0.0,0.0,310.87082
9,9,5,0,,,,0.61018336,0.0,0.0,0.0,515.15
9,10,5,0,,,,0.63351667,0.0,0.0,0.0,666.2083
9,11,5,0,,,,0.6053,0.0,0.0,0.0,762.01666
9,12,5,0,,,,0.6109167,0.0,0.0,0.0,798.575
9,13,5,0,,,,0.58811665,0.0,0.0,0.0,783.79584
9,14,5,0,,,,0.88816667,0.0,0.0,0.0,702.30414
9,15,5,0,,,,0.6260833,0.0,0.0,0.0,561.19586
9,16,5,0,,,,0.63145,0.0,0.0,0.0,369.99582
9,17,5,0,,,,0.6169,0.0,0.0,0.0,156.175
9,18,5,0,,,,3.8172333,0.0,0.0,0.0,8.104167
9,19,5,0,,,,3.3990834,0.0,0.0,0.0,0.0
9,20,5,0,,,,1.7431,0.0,0.0,0.0,0.0
9,21,5,0,,,,1.3997667,0.0,0.0,0.0,0.0
9,22,5,0,,,,1.2471167,0.0,0.0,0.0,0.0
9,23,5,0,,,,3.5303667,0.0,0.0,0.0,0.0
9,24,5,0,,,,3.36695,0.0,0.0,0.0,0.0
10,1,6,0,,,,0.6939833,0.0,0.0,0.0,0.0
10,2,6,0,,,,0.6710333,0.0,0.0,0.0,0.0
10,3,6,0,,,,0.6443,0.0,0.0,0.0,0.0
10,4,6,0,,,,0.59415,0.0,0.0,0.0,0.0
10,5,6,0,,,,1.26785,0.0,0.0,0.0,0.0
10,6,6,0,,,,1.13105,0.0,0.0,0.0,0.0
10,7,6,0,,,,1.5723667,0.0,0.0,0.0,95.675
10,8,6,0,,,,0.7144833,0.0,0.0,0.0,316.75418
10,9,6,0,,,,0.8703833,0.0,0.0,0.0,522.7792
10,10,6,0,,,,1.3227667,0.0,0.0,0.0,677.2708
10,11,6,0,,,,0.86468333,0.0,0.0,0.0,777.975
10,12,6,0,,,,2.4856167,0.0,0.0,0.0,817.44165
10,13,6,0,,,,2.547,0.0,0.0,0.0,805.5125
10,14,6,0,,,,1.8001667,0.0,0.0,0.0,724.875
10,15,6,0,,,,1.8222333,0.0,0.0,0.0,582.9667
10,16,6,0,,,,1.7528666,0.0,0.0,0.0,377.70624
10,17,6,0,,,,2.3868167,0.0,0.0,0.0,156.65
10,18,6,0,,,,2.8289666,0.0,0.0,0.0,7.758333
10,19,6,0,,,,6.3858333,0.0,0.0,0.0,0.0
10,20,6,0,,,,3.9588833,0.0,0.0,0.0,0.0
10,21,6,0,,,,1.5835333,0.0,0.0,0.0,0.0
10,22,6,0,,,,0.67431664,0.0,0.0,0.0,0.0
10,23,6,0,,,,0.6526833,0.0,0.0,0.0,0.0
10,24,6,0,,,,2.1957083,0.0,0.0,0.0,0.0
10,1,7,0,,,,0.6968667,0.0,0.0,0.0,0.0
10,2,7,0,,,,1.7217667,0.0,0.0,0.0,0.0
10,3,7,0,,,,2.0435834,0.0,0.0,0.0,0.0
10,4,7,0,,,,0.6683667,0.0,0.0,0.0,0.0
10,5,7,0,,,,0.7148833,0.0,0.0,0.0,0.0
10,6,7,0,,,,0.5771833,0.0,0.0,0.0,0.0
10,7,7,0,,,,0.54145,0.0,0.0,0.0,100.07917
10,8,7,0,,,,1.49955,0.0,0.0,0.0,324.27084
10,9,7,0,,,,2.9583166,0.0,0.0,0.0,535.35
10,10,7,0,,,,2.6288,0.0,0.0,0.0,694.5125
10,11,7,0,,,,1.9134333,0.0,0.0,0.0,796.6813
10,12,7,0,,,,2.2747,0.0,0.0,0.0,839.5833
10,13,7,0,,,,0.582,0.0,0.0,0.0,820.0125
10,14,7,0,,,,1.6431167,0.0,0.0,0.0,738.13336
10,15,7,0,,,,1.5882666,0.0,0.0,0.0,593.32916
10,16,7,0,,,,1.0951834,0.0,0.0,0.0,385.47916
10,17,7,0,,,,2.5047166,0.0,0.0,0.0,154.36667
10,18,7,0,,,,1.3377167,0.0,0.0,0.0,7.508333
10,19,7,0,,,,4.3722,0.0,0.0,0.0,0.0
10,20,7,0,,,,3.6983833,0.0,0.0,0.0,0.0
10,21,7,0,,,,2.3014834,0.0,0.0,0.0,0.0
10,22,7,0,,,,1.4257,0.0,0.0,0.0,0.0
10,23,7,0,,,,1.5007167,0.0,0.0,0.0,0.0
10,24,7,0,,,,0.66716665,0.0,0.0,0.0,0.0
10,1,1,0,,,,0.68156666,0.0,0.0,0.0,0.0
10,2,1,0,,,,0.6551,0.0,0.0,0.0,0.0
10,3,1,0,,,,0.75149167,0.0,0.0,0.0,0.0
10,4,1,0,,,,0.9069,0.0,0.0,0.0,0.0
10,5,1,0,,,,0.9327,0.0,0.0,0.0,0.0
10,6,1,0,,,,0.89061666,0.0,0.0,0.0,0.0
10,7,1,0,,,,0.48038334,0.0,0.0,0.0,87.09167
10,8,1,0,,,,0.4941,0.0,0.0,0.0,243.01666
10,9,1,0,,,,0.44641668,0.0,0.0,0.0,414.1125
10,10,1,0,,,,0.44503334,0.0,0.0,0.0,682.81665
10,11,1,0,,,,0.4793,0.0,0.0,0.0,786.325
10,12,1,0,,,,0.4332,0.0,0.0,0.0,815.70416
10,13,1,0,,,,0.4481,0.0,0.0,0.0,794.3417
10,14,1,0,,,,0.47233334,0.0,0.0,0.0,709.85
10,15,1,0,,,,0.4317,0.0,0.0,0.0,559.6458
10,16,1,0,,,,0.47636667,0.0,0.0,0.0,356.87082
10,17,1,0,,,,2.10055,0.0,0.0,0.0,134.67917
10,18,1,0,,,,0.80415,0.0,0.0,0.0,5.7
10,19,1,0,,,,2.2442167,0.0,0.0,0.0,0.0
10,20,1,0,,,,2.18385,0.0,0.0,0.0,0.0
10,21,1,0,,,,2.0350666,0.0,0.0,0.0,0.0
10,22,1,0,,,,0.82313335,0.0,0.0,0.0,0.0
10,23,1,0,,,,1.4570333,0.0,0.0,0.0,0.0
10,24,1,0,,,,2.2861166,0.0,0.0,0.0,0.0
10,1,2,0,,,,0.6525667,0.0,0.0,0.0,0.0
10,2,2,0,,,,0.6702,0.0,0.0,0.0,0.0
10,3,2,0,,,,0.62798333,0.0,0.0,0.0,0.0
10,4,2,0,,,,0.65695,0.0,0.0,0.0,0.0
10,5,2,0,,,,0.82823336,0.0,0.0,0.0,0.0
10,6,2,0,,,,0.88846666,0.0,0.0,0.0,0.0
10,7,2,0,,,,0.74175,0.0,0.0,0.0,93.475
10,8,2,0,,,,0.88488334,0.0,0.0,0.0,311.45416
10,9,2,0,,,,0.51526666,0.0,0.0,0.0,517.9375
10,10,2,0,,,,0.4233,0.0,0.0,0.0,678.6458
10,11,2,0,,,,0.48843333,0.0,0.0,0.0,775.9375
10,12,2,0,,,,0.39518332,0.0,0.0,0.0,807.43335
10,13,2,0,,,,0.48866665,0.0,0.0,0.0,779.9625
10,14,2,0,,,,0.4217,0.0,0.0,0.0,683.92084
10,15,2,0,,,,0.45645,0.0,0.0,0.0,536.525
10,16,2,0,,,,0.64515,0.0,0.0,0.0,341.6375
10,17,2,0,,,,0.81315,0.0,0.0,0.0,126.475
10,18,2,0,,,,1.1161833,0.0,0.0,0.0,4.5666666
10,19,2,0,,,,3.8212,0.0,0.0,0.0,0.0
10,20,2,0,,,,1.4632666,0.0,0.0,0.0,0.0
10,21,2,0,,,,1.02425,0.0,0.0,0.0,0.0
10,22,2,0,,,,0.65328336,0.0,0.0,0.0,0.0
10,23,2,0,,,,0.71455,0.0,0.0,0.0,0.0
10,24,2,0,,,,0.64926666,0.0,0.0,0.0,0.0
10,1,3,0,,,,1.02285,0.0,0.0,0.0,0.0
10,2,3,0,,,,2.7688167,0.0,0.0,0.0,0.0
10,3,3,0,,,,0.69023335,0.0,0.0,0.0,0.0
10,4,3,0,,,,0.7603,0.0,0.0,0.0,0.0
10,5,3,0,,,,1.1445167,0.0,0.0,0.0,0.0
10,6,3,0,,,,0.97339165,0.0,0.0,0.0,0.5375
10,7,3,0,,,,0.50655,0.0,0.0,0.0,62.364582
10,8,3,0,,,,0.41853333,0.0,0.0,0.0,164.12083
10,9,3,0,,,,0.48768333,0.0,0.0,0.0,381.7875
10,10,3,0,,,,0.41821668,0.0,0.0,0.0,587.6625
10,11,3,0,,,,0.47985,0.0,0.0,0.0,744.63336
10,12,3,0,,,,0.42975,0.0,0.0,0.0,826.5917
10,13,3,0,,,,0.4601,0.0,0.0,0.0,793.8125
10,14,3,0,,,,0.43983334,0.0,0.0,0.0,691.0833
10,15,3,0,,,,0.45805,0.0,0.0,0.0,554.5625
10,16,3,0,,,,0.47256666,0.0,0.0,0.0,352.21667
10,17,3,0,,,,3.4399333,0.0,0.0,0.0,118.65833
10,18,3,0,,,,3.2835,0.0,0.0,0.0,3.9625
10,19,3,0,,,,1.5612833,0.0,0.0,0.0,0.0
10,20,3,0,,,,1.4403,0.0,0.0,0.0,0.0
10,21,3,0,,,,1.2063833,0.0,0.0,0.0,0.0
10,22,3,0,,,,2.34825,0.0,0.0,0.0,0.0
10,23,3,0,,,,2.3357,0.0,0.0,0.0,0.0
10,24,3,0,,,,0.6642,0.0,0.0,0.0,0.0
10,1,4,0,,,,0.7151167,0.0,0.0,0.0,0.0
10,2,4,0,,,,0.6759167,0.0,0.0,0.0,0.0
10,3,4,0,,,,0.71096665,0.0,0.0,0.0,0.0
10,4,4,0,,,,1.2805333,0.0,0.0,0.0,0.0
10,5,4,0,,,,1.0912833,0.0,0.0,0.0,0.0
10,6,4,0,,,,0.67481667,0.0,0.0,0.0,0.0
10,7,4,0,,,,0.44006667,0.0,0.0,0.0,89.2
10,8,4,0,,,,0.43766665,0.0,0.0,0.0,315.75833
10,9,4,0,,,,0.4596,0.0,0.0,0.0,536.32086
10,10,4,0,,,,0.43686667,0.0,0.0,0.0,705.35834
10,11,4,0,,,,0.45193332,0.0,0.0,0.0,807.3958
10,12,4,0,,,,0.43523332,0.0,0.0,0.0,839.93335
10,13,4,0,,,,0.46395,0.0,0.0,0.0,804.17914
10,14,4,0,,,,0.44211668,0.0,0.0,0.0,714.825
10,15,4,0,,,,0.39806667,0.0,0.0,0.0,562.1875
10,16,4,0,,,,0.42648333,0.0,0.0,0.0,359.4
10,17,4,0,,,,0.39411667,0.0,0.0,0.0,135.06667
10,18,4,0,,,,2.8402333,0.0,0.0,0.0,4.1125
10,19,4,0,,,,3.3829334,0.0,0.0,0.0,0.0
10,20,4,0,,,,2.3797834,0.0,0.0,0.0,0.0
10,21,4,0,,,,2.9138167,0.0,0.0,0.0,0.0
10,22,4,0,,,,0.61011666,0.0,0.0,0.0,0.0
10,23,4,0,,,,1.7648833,0.0,0.0,0.0,0.0
10,24,4,0,,,,0.60046667,0.0,0.0,0.0,0.0
10,1,5,0,,,,0.6494167,0.0,0.0,0.0,0.0
10,2,5,0,,,,0.60226667,0.0,0.0,0.0,0.0
10,3,5,0,,,,0.65605,0.0,0.0,0.0,0.0
10,4,5,0,,,,0.6034667,0.0,0.0,0.0,0.0
10,5,5,0,,,,0.64093333,0.0,0.0,0.0,0.0
10,6,5,0,,,,0.7467667,0.0,0.0,0.0,0.0
10,7,5,0,,,,0.891,0.0,0.0,0.0,81.71667
10,8,5,0,,,,0.735,0.0,0.0,0.0,322.1
10,9,5,0,,,,1.1796833,0.0,0.0,0.0,529.19586
10,10,5,0,,,,1.2840667,0.0,0.0,0.0,687.025
10,11,5,0,,,,3.5617166,0.0,0.0,0.0,756.0417
10,12,5,0,,,,1.1105833,0.0,0.0,0.0,775.26666
10,13,5,0,,,,0.82266665,0.0,0.0,0.0,722.62085
10,14,5,0,,,,0.53538334,0.0,0.0,0.0,595.05835
10,15,5,0,,,,0.62925,0.0,0.0,0.0,541.7
10,16,5,0,,,,0.54805,0.0,0.0,0.0,338.3375
10,17,5,0,,,,0.63378334,0.0,0.0,0.0,114.1625
10,18,5,0,,,,1.39115,0.0,0.0,0.0,3.6666667
10,19,5,0,,,,1.1112666,0.0,0.0,0.0,0.0
10,20,5,0,,,,1.51645,0.0,0.0,0.0,0.0
10,21,5,0,,,,3.3672166,0.0,0.0,0.0,0.0
10,22,5,0,,,,1.9574833,0.0,0.0,0.0,0.0
10,23,5,0,,,,0.65893334,0.0,0.0,0.0,0.0
10,24,5,0,,,,0.6492417,0.0,0.0,0.0,0.0
10,1,6,0,,,,1.3788667,0.0,0.0,0.0,0.0
10,2,6,0,,,,3.3552666,0.0,0.0,0.0,0.0
10,3,6,0,,,,1.8035166,0.0,0.0,0.0,0.0
10,4,6,0,,,,1.65035,0.0,0.0,0.0,0.0
10,5,6,0,,,,0.66758335,0.0,0.0,0.0,0.0
10,6,6,0,,,,0.97443336,0.0,0.0,0.0,0.0
10,7,6,0,,,,1.3617333,0.0,0.0,0.0,60.916668
10,8,6,0,,,,1.5982,0.0,0.0,0.0,309.28333
10,9,6,0,,,,1.5381334,0.0,0.0,0.0,515.0125
10,10,6,0,,,,1.3719667,0.0,0.0,0.0,669.2292
10,11,6,0,,,,1.3893,0.0,0.0,0.0,761.23334
10,12,6,0,,,,0.7061333,0.0,0.0,0.0,799.0375
10,13,6,0,,,,0.532,0.0,0.0,0.0,773.5292
10,14,6,0,,,,0.5354667,0.0,0.0,0.0,688.32916
10,15,6,0,,,,0.5251667,0.0,0.0,0.0,547.2
10,16,6,0,,,,0.54801667,0.0,0.0,0.0,347.69583
10,17,6,0,,,,0.52585,0.0,0.0,0.0,127.375
10,18,6,0,,,,1.71885,0.0,0.0,0.0,2.475
10,19,6,0,,,,0.94348335,0.0,0.0,0.0,0.0
10,20,6,0,,,,2.1768832,0.0,0.0,0.0,0.0
10,21,6,0,,,,3.8248334,0.0,0.0,0.0,0.0
10,22,6,0,,,,3.34915,0.0,0.0,0.0,0.0
10,23,6,0,,,,2.2920334,0.0,0.0,0.0,0.0
10,24,6,0,,,,3.2606,0.0,0.0,0.0,0.0
10,1,7,0,,,,0.6801,0.0,0.0,0.0,0.0
10,2,7,0,,,,0.95131665,0.0,0.0,0.0,0.0
10,3,7,0,,,,1.7006667,0.0,0.0,0.0,0.0
10,4,7,0,,,,1.18025,0.0,0.0,0.0,0.0
10,5,7,0,,,,0.9547833,0.0,0.0,0.0,0.0
10,6,7,0,,,,0.67973334,0.0,0.0,0.0,0.0
10,7,7,0,,,,1.4672166,0.0,0.0,0.0,84.8625
10,8,7,0,,,,1.3186,0.0,0.0,0.0,303.25833
10,9,7,0,,,,0.97103333,0.0,0.0,0.0,498.74167
10,10,7,0,,,,0.55296665,0.0,0.0,0.0,645.67084
10,11,7,0,,,,0.56511664,0.0,0.0,0.0,739.62915
10,12,7,0,,,,0.54041666,0.0,0.0,0.0,779.4625
10,13,7,0,,,,0.50621665,0.0,0.0,0.0,761.725
10,14,7,0,,,,0.5298833,0.0,0.0,0.0,676.4792
10,15,7,0,,,,0.73655,0.0,0.0,0.0,534.32086
10,16,7,0,,,,3.6445832,0.0,0.0,0.0,249.55833
10,17,7,0,,,,2.9420333,0.0,0.0,0.0,89.191666
10,18,7,0,,,,1.2453834,0.0,0.0,0.0,0.21666667
10,19,7,0,,,,2.8557832,0.0,0.0,0.0,0.0
10,20,7,0,,,,3.6388834,0.0,0.0,0.0,0.0
10,21,7,0,,,,2.60455,0.0,0.0,0.0,0.0
10,22,7,0,,,,1.65555,0.0,0.0,0.0,0.0
10,23,7,0,,,,1.1011833,0.0,0.0,0.0,0.0
10,24,7,0,,,,0.75355,0.0,0.0,0.0,0.0
10,1,1,0,,,,0.7588,0.0,0.0,0.0,0.0
10,2,1,0,,,,0.77026665,0.0,0.0,0.0,0.0
10,3,1,0,,,,0.73908335,0.0,0.0,0.0,0.0
10,4,1,0,,,,0.8006833,0.0,0.0,0.0,0.0
10,5,1,0,,,,0.9023333,0.0,0.0,0.0,0.0
10,6,1,0,,,,1.0794333,0.0,0.0,0.0,0.0
10,7,1,0,,,,0.5843167,0.0,0.0,0.0,80.15
10,8,1,0,,,,0.56091666,0.0,0.0,0.0,294.28333
10,9,1,0,,,,0.6076667,0.0,0.0,0.0,496.77084
10,10,1,0,,,,0.5535167,0.0,0.0,0.0,653.67084
10,11,1,0,,,,0.61106664,0.0,0.0,0.0,748.6
10,12,1,0,,,,0.69241667,0.0,0.0,0.0,782.94586
10,13,1,0,,,,0.99091667,0.0,0.0,0.0,745.525
10,14,1,0,,,,0.55773336,0.0,0.0,0.0,668.9125
10,15,1,0,,,,0.5269,0.0,0.0,0.0,529.5333
10,16,1,0,,,,0.5696333,0.0,0.0,0.0,288.30417
10,17,1,0,,,,0.5226833,0.0,0.0,0.0,115.3375
10,18,1,0,,,,2.2585332,0.0,0.0,0.0,0.0
10,19,1,0,,,,2.01105,0.0,0.0,0.0,0.0
10,20,1,0,,,,4.07125,0.0,0.0,0.0,0.0
10,21,1,0,,,,3.7337334,0.0,0.0,0.0,0.0
10,22,1,0,,,,3.3897667,0.0,0.0,0.0,0.0
10,23,1,0,,,,2.7622666,0.0,0.0,0.0,0.0
10,24,1,0,,,,1.6392833,0.0,0.0,0.0,0.0
10,1,2,0,,,,0.7801833,0.0,0.0,0.0,0.0
10,2,2,0,,,,0.8060333,0.0,0.0,0.0,0.0
10,3,2,0,,,,0.8786,0.0,0.0,0.0,0.0
10,4,2,0,,,,1.4061167,0.0,0.0,0.0,0.0
10,5,2,0,,,,0.93238336,0.0,0.0,0.0,0.0
10,6,2,0,,,,0.90475,0.0,0.0,0.0,0.0
10,7,2,0,,,,0.6249833,0.0,0.0,0.0,79.370834
10,8,2,0,,,,0.44133332,0.0,0.0,0.0,294.0125
10,9,2,0,,,,0.4694,0.0,0.0,0.0,496.8625
10,10,2,0,,,,0.43303335,0.0,0.0,0.0,655.5833
10,11,2,0,,,,0.44978333,0.0,0.0,0.0,752.5958
10,12,2,0,,,,0.44353333,0.0,0.0,0.0,791.4042
10,13,2,0,,,,0.4738,0.0,0.0,0.0,768.61664
10,14,2,0,,,,0.45028332,0.0,0.0,0.0,687.51666
10,15,2,0,,,,0.45168334,0.0,0.0,0.0,532.39166
10,16,2,0,,,,0.45243335,0.0,0.0,0.0,324.5375
10,17,2,0,,,,0.57301664,0.0,0.0,0.0,107.25
10,18,2,0,,,,1.7460667,0.0,0.0,0.0,2.0208333
10,19,2,0,,,,3.55425,0.0,0.0,0.0,0.0
10,20,2,0,,,,1.63325,0.0,0.0,0.0,0.0
10,21,2,0,,,,1.3771334,0.0,0.0,0.0,0.0
10,22,2,0,,,,3.2133,0.0,0.0,0.0,0.0
10,23,2,0,,,,3.3016334,0.0,0.0,0.0,0.0
10,24,2,0,,,,0.9356833,0.0,0.0,0.0,0.0
10,1,3,0,,,,0.65933335,0.0,0.0,0.0,0.0
10,2,3,0,,,,0.7302167,0.0,0.0,0.0,0.0
10,3,3,0,,,,0.65815,0.0,0.0,0.0,0.0
10,4,3,0,,,,0.7012333,0.0,0.0,0.0,0.0
10,5,3,0,,,,0.7516,0.0,0.0,0.0,0.0
10,6,3,0,,,,0.82621664,0.0,0.0,0.0,0.0
10,7,3,0,,,,0.47408333,0.0,0.0,0.0,33.083332
10,8,3,0,,,,0.43031666,0.0,0.0,0.0,97.55417
10,9,3,0,,,,0.48031667,0.0,0.0,0.0,182.64166
10,10,3,0,,,,0.41478333,0.0,0.0,0.0,274.22083
10,11,3,0,,,,0.45596668,0.0,0.0,0.0,260.83334
10,12,3,0,,,,0.41883335,0.0,0.0,0.0,711.6583
10,13,3,0,,,,0.47145,0.0,0.0,0.0,764.8542
10,14,3,0,,,,0.43295,0.0,0.0,0.0,675.5
10,15,3,0,,,,0.43898332,0.0,0.0,0.0,520.07916
10,16,3,0,,,,0.43943334,0.0,0.0,0.0,317.37918
10,17,3,0,,,,0.43856665,0.0,0.0,0.0,98.13333
10,18,3,0,,,,0.9018833,0.0,0.0,0.0,1.0291667
10,19,3,0,,,,0.7435,0.0,0.0,0.0,0.0
10,20,3,0,,,,0.61315,0.0,0.0,0.0,0.0
10,21,3,0,,,,0.63318336,0.0,0.0,0.0,0.0
10,22,3,0,,,,0.66333336,0.0,0.0,0.0,0.0
10,23,3,0,,,,0.6684667,0.0,0.0,0.0,0.0
10,24,3,0,,,,0.65185,0.0,0.0,0.0,0.0
10,1,4,0,,,,0.6535,0.0,0.0,0.0,0.0
10,2,4,0,,,,0.64058334,0.0,0.0,0.0,0.0
10,3,4,0,,,,0.65105,0.0,0.0,0.0,0.0
10,4,4,0,,,,0.67578334,0.0,0.0,0.0,0.0
10,5,4,0,,,,0.64306664,0.0,0.0,0.0,0.0
10,6,4,0,,,,0.68175,0.0,0.0,0.0,0.0
10,7,4,0,,,,0.64495,0.0,0.0,0.0,73.5375
10,8,4,0,,,,0.9292833,0.0,0.0,0.0,281.27084
10,9,4,0,,,,0.93333334,0.0,0.0,0.0,486.02084
10,10,4,0,,,,0.5050333,0.0,0.0,0.0,644.0
10,11,4,0,,,,0.4584,0.0,0.0,0.0,739.12085
10,12,4,0,,,,0.5099,0.0,0.0,0.0,760.2292
10,13,4,0,,,,0.50516665,0.0,0.0,0.0,715.35
10,14,4,0,,,,0.50266665,0.0,0.0,0.0,614.31665
10,15,4,0,,,,0.46803334,0.0,0.0,0.0,392.8875
10,16,4,0,,,,0.47991666,0.0,0.0,0.0,269.35834
10,17,4,0,,,,0.46486667,0.0,0.0,0.0,118.1625
10,18,4,0,,,,1.4140667,0.0,0.0,0.0,0.0
10,19,4,0,,,,2.9567168,0.0,0.0,0.0,0.0
10,20,4,0,,,,2.55195,0.0,0.0,0.0,0.0
10,21,4,0,,,,1.4875,0.0,0.0,0.0,0.0
10,22,4,0,,,,3.0727334,0.0,0.0,0.0,0.0
10,23,4,0,,,,1.5981,0.0,0.0,0.0,0.0
10,24,4,0,,,,1.1953167,0.0,0.0,0.0,0.0
10,1,5,0,,,,0.6697,0.0,0.0,0.0,0.0
10,2,5,0,,,,0.8336167,0.0,0.0,0.0,0.0
10,3,5,0,,,,2.7908833,0.0,0.0,0.0,0.0
10,4,5,0,,,,0.8129,0.0,0.0,0.0,0.0
10,5,5,0,,,,0.74155,0.0,0.0,0.0,0.0
10,6,5,0,,,,0.94706666,0.0,0.0,0.0,0.0
10,7,5,0,,,,0.51525,0.0,0.0,0.0,59.6
10,8,5,0,,,,0.49628332,0.0,0.0,0.0,272.50833
10,9,5,0,,,,0.5110833,0.0,0.0,0.0,475.275
10,10,5,0,,,,0.50905,0.0,0.0,0.0,630.6875
10,11,5,0,,,,0.47316667,0.0,0.0,0.0,730.67914
10,12,5,0,,,,0.50595,0.0,0.0,0.0,764.6458
10,13,5,0,,,,0.48148334,0.0,0.0,0.0,732.9
10,14,5,0,,,,0.50883335,0.0,0.0,0.0,646.74585
10,15,5,0,,,,0.47655,0.0,0.0,0.0,490.3
10,16,5,0,,,,0.51771665,0.0,0.0,0.0,287.26666
10,17,5,0,,,,0.5775833,0.0,0.0,0.0,90.75833
10,18,5,0,,,,1.6075667,0.0,0.0,0.0,0.51666665
10,19,5,0,,,,1.3013166,0.0,0.0,0.0,0.0
10,20,5,0,,,,2.5885334,0.0,0.0,0.0,0.0
10,21,5,0,,,,3.0879166,0.0,0.0,0.0,0.0
10,22,5,0,,,,1.2122333,0.0,0.0,0.0,0.0
10,23,5,0,,,,1.72755,0.0,0.0,0.0,0.0
10,24,5,0,,,,0.6428667,0.0,0.0,0.0,0.0
10,1,6,0,,,,0.7183167,0.0,0.0,0.0,0.0
10,2,6,0,,,,0.83676666,0.0,0.0,0.0,0.0
10,3,6,0,,,,0.79788333,0.0,0.0,0.0,0.0
10,4,6,0,,,,0.7394,0.0,0.0,0.0,0.0
10,5,6,0,,,,0.81373334,0.0,0.0,0.0,0.0
10,6,6,0,,,,0.673,0.0,0.0,0.0,0.0
10,7,6,0,,,,1.0339333,0.0,0.0,0.0,64.683334
10,8,6,0,,,,1.3906333,0.0,0.0,0.0,266.75418
10,9,6,0,,,,0.9827,0.0,0.0,0.0,468.79584
10,10,6,0,,,,1.5869666,0.0,0.0,0.0,626.92084
10,11,6,0,,,,2.4836833,0.0,0.0,0.0,723.74164
10,12,6,0,,,,1.6296667,0.0,0.0,0.0,762.3
10,13,6,0,,,,0.49793333,0.0,0.0,0.0,727.8
10,14,6,0,,,,0.5345167,0.0,0.0,0.0,644.2792
10,15,6,0,,,,0.51388335,0.0,0.0,0.0,491.52917
10,16,6,0,,,,2.2530832,0.0,0.0,0.0,281.15417
10,17,6,0,,,,3.9179833,0.0,0.0,0.0,83.166664
10,18,6,0,,,,2.3281667,0.0,0.0,0.0,0.0
10,19,6,0,,,,1.32015,0.0,0.0,0.0,0.0
10,20,6,0,,,,1.4524,0.0,0.0,0.0,0.0
10,21,6,0,,,,0.91116667,0.0,0.0,0.0,0.0
10,22,6,0,,,,2.7831833,0.0,0.0,0.0,0.0
10,23,6,0,,,,0.73145,0.0,0.0,0.0,0.0
10,24,6,0,,,,0.7754,0.0,0.0,0.0,0.0
10,1,7,0,,,,0.75515,0.0,0.0,0.0,0.0
10,2,7,0,,,,1.8560833,0.0,0.0,0.0,0.0
10,3,7,0,,,,1.43,0.0,0.0,0.0,0.0
10,4,7,0,,,,0.7919833,0.0,0.0,0.0,0.0
10,5,7,0,,,,1.1462,0.0,0.0,0.0,0.0
10,6,7,0,,,,1.2747166,0.0,0.0,0.0,0.0
10,7,7,0,,,,0.91005,0.0,0.0,0.0,0.4875
10,8,7,0,,,,0.92501664,0.0,0.0,0.0,8.383333
10,9,7,0,,,,0.80303335,0.0,0.0,0.0,31.833334
10,10,7,0,,,,0.73013335,0.0,0.0,0.0,356.49582
10,11,7,0,,,,0.72043335,0.0,0.0,0.0,198.3
10,12,7,0,,,,0.7475167,0.0,0.0,0.0,315.69583
10,13,7,0,,,,0.84706664,0.0,0.0,0.0,169.2875
10,14,7,0,,,,1.0314333,0.0,0.0,0.0,153.25833
10,15,7,0,,,,1.0833167,0.0,0.0,0.0,201.7
10,16,7,0,,,,1.2330333,0.0,0.0,0.0,103.104164
10,17,7,0,,,,1.7211666,0.0,0.0,0.0,21.775
10,18,7,0,,,,2.0775,0.0,0.0,0.0,0.0
10,19,7,0,,,,1.6053667,0.0,0.0,0.0,0.0
10,20,7,0,,,,2.0865,0.0,0.0,0.0,0.0
10,21,7,0,,,,3.0846334,0.0,0.0,0.0,0.0
10,22,7,0,,,,1.12905,0.0,0.0,0.0,0.0
10,23,7,0,,,,1.1418166,0.0,0.0,0.0,0.0
10,24,7,0,,,,1.0575666,0.0,0.0,0.0,0.0
10,1,1,0,,,,0.64885,0.0,0.0,0.0,0.0
10,2,1,0,,,,0.64825,0.0,0.0,0.0,0.0
10,3,1,0,,,,0.6576333,0.0,0.0,0.0,0.0
10,4,1,0,,,,0.6885,0.0,0.0,0.0,0.0
10,5,1,0,,,,0.88778335,0.0,0.0,0.0,0.0
10,6,1,0,,,,0.91793334,0.0,0.0,0.0,0.0
10,7,1,0,,,,0.88953334,0.0,0.0,0.0,0.0
10,8,1,0,,,,0.89481664,0.0,0.0,0.0,13.691667
10,9,1,0,,,,0.90213335,0.0,0.0,0.0,73.75833
10,10,1,0,,,,0.90426666,0.0,0.0,0.0,122.29583
10,11,1,0,,,,0.89265,0.0,0.0,0.0,56.85
10,12,1,0,,,,0.79228336,0.0,0.0,0.0,207.90416
10,13,1,0,,,,1.05705,0.0,0.0,0.0,193.0
10,14,1,0,,,,0.9932,0.0,0.0,0.0,128.06667
10,15,1,0,,,,0.67773336,0.0,0.0,0.0,70.0125
10,16,1,0,,,,0.69095,0.0,0.0,0.0,7.325
10,17,1,0,,,,0.8027667,0.0,0.0,0.0,0.0
10,18,1,0,,,,1.06725,0.0,0.0,0.0,0.0
10,19,1,0,,,,0.96788335,0.0,0.0,0.0,0.0
10,20,1,0,,,,0.76405,0.0,0.0,0.0,0.0
10,21,1,0,,,,0.72035,0.0,0.0,0.0,0.0
10,22,1,0,,,,0.69335,0.0,0.0,0.0,0.0
10,23,1,0,,,,0.66995,0.0,0.0,0.0,0.0
10,24,1,0,,,,0.66546667,0.0,0.0,0.0,0.0
10,1,2,0,,,,0.6761,0.0,0.0,0.0,0.0
10,2,2,0,,,,0.9232,0.0,0.0,0.0,0.0
10,3,2,0,,,,0.7459667,0.0,0.0,0.0,0.0
10,4,2,0,,,,0.65073335,0.0,0.0,0.0,0.0
10,5,2,0,,,,0.73246664,0.0,0.0,0.0,0.0
10,6,2,0,,,,0.67901665,0.0,0.0,0.0,0.0
10,7,2,0,,,,0.44058332,0.0,0.0,0.0,83.933334
10,8,2,0,,,,0.44821668,0.0,0.0,0.0,292.35
10,9,2,0,,,,0.53861666,0.0,0.0,0.0,527.05835
10,10,2,0,,,,0.80903333,0.0,0.0,0.0,700.025
10,11,2,0,,,,0.45506668,0.0,0.0,0.0,775.0417
10,12,2,0,,,,0.45488334,0.0,0.0,0.0,809.3125
10,13,2,0,,,,0.42346665,0.0,0.0,0.0,784.9875
10,14,2,0,,,,0.452,0.0,0.0,0.0,698.875
10,15,2,0,,,,0.44373333,0.0,0.0,0.0,544.3875
10,16,2,0,,,,0.45591667,0.0,0.0,0.0,333.38333
10,17,2,0,,,,0.68418336,0.0,0.0,0.0,99.745834
10,18,2,0,,,,0.99368334,0.0,0.0,0.0,0.0
10,19,2,0,,,,3.3173168,0.0,0.0,0.0,0.0
10,20,2,0,,,,1.3337834,0.0,0.0,0.0,0.0
10,21,2,0,,,,3.2337,0.0,0.0,0.0,0.0
10,22,2,0,,,,3.12045,0.0,0.0,0.0,0.0
10,23,2,0,,,,0.82928336,0.0,0.0,0.0,0.0
10,24,2,0,,,,0.84425,0.0,0.0,0.0,0.0
10,1,3,0,,,,0.8038833,0.0,0.0,0.0,0.0
10,2,3,0,,,,0.82215,0.0,0.0,0.0,0.0
10,3,3,0,,,,0.8079,0.0,0.0,0.0,0.0
10,4,3,0,,,,0.8293833,0.0,0.0,0.0,0.0
10,5,3,0,,,,0.8603333,0.0,0.0,0.0,0.0
10,6,3,0,,,,0.91253334,0.0,0.0,0.0,0.0
10,7,3,0,,,,0.40871668,0.0,0.0,0.0,79.245834
10,8,3,0,,,,0.37688333,0.0,0.0,0.0,328.85834
10,9,3,0,,,,0.4251,0.0,0.0,0.0,557.2875
10,10,3,0,,,,0.35921666,0.0,0.0,0.0,725.0375
10,11,3,0,,,,0.43716666,0.0,0.0,0.0,826.36664
10,12,3,0,,,,0.35975,0.0,0.0,0.0,859.7
10,13,3,0,,,,0.44128335,0.0,0.0,0.0,826.0375
10,14,3,0,,,,0.47838333,0.0,0.0,0.0,729.4083
10,15,3,0,,,,0.80995,0.0,0.0,0.0,574.7292
10,16,3,0,,,,0.5850667,0.0,0.0,0.0,360.07916
10,17,3,0,,,,0.6309,0.0,0.0,0.0,110.145836
10,18,3,0,,,,1.5303667,0.0,0.0,0.0,0.0
10,19,3,0,,,,1.91455,0.0,0.0,0.0,0.0
10,20,3,0,,,,1.0030167,0.0,0.0,0.0,0.0
10,21,3,0,,,,3.3508167,0.0,0.0,0.0,0.0
10,22,3,0,,,,3.2985666,0.0,0.0,0.0,0.0
10,23,3,0,,,,1.6258334,0.0,0.0,0.0,0.0
10,24,3,0,,,,1.3003167,0.0,0.0,0.0,0.0
10,1,4,0,,,,0.66285,0.0,0.0,0.0,0.0
10,2,4,0,,,,0.60945,0.0,0.0,0.0,0.0
10,3,4,0,,,,0.64175,0.0,0.0,0.0,0.0
10,4,4,0,,,,0.63835,0.0,0.0,0.0,0.0
10,5,4,0,,,,0.8009167,0.0,0.0,0.0,0.0
10,6,4,0,,,,1.0510666,0.0,0.0,0.0,0.0
10,7,4,0,,,,0.43238333,0.0,0.0,0.0,81.875
10,8,4,0,,,,0.38711667,0.0,0.0,0.0,333.10834
10,9,4,0,,,,0.42783332,0.0,0.0,0.0,561.19586
10,10,4,0,,,,0.39685,0.0,0.0,0.0,727.62915
10,11,4,0,,,,0.41945,0.0,0.0,0.0,827.31665
10,12,4,0,,,,0.39731666,0.0,0.0,0.0,859.10834
10,13,4,0,,,,0.41138333,0.0,0.0,0.0,826.425
10,14,4,0,,,,0.40966666,0.0,0.0,0.0,729.0417
10,15,4,0,,,,0.40575,0.0,0.0,0.0,570.24164
10,16,4,0,,,,1.44655,0.0,0.0,0.0,354.17917
10,17,4,0,,,,4.3354,0.0,0.0,0.0,108.725
10,18,4,0,,,,4.4758334,0.0,0.0,0.0,0.0
10,19,4,0,,,,2.2277834,0.0,0.0,0.0,0.0
10,20,4,0,,,,3.0650167,0.0,0.0,0.0,0.0
10,21,4,0,,,,1.9991666,0.0,0.0,0.0,0.0
10,22,4,0,,,,0.7334667,0.0,0.0,0.0,0.0
10,23,4,0,,,,2.4355,0.0,0.0,0.0,0.0
10,24,4,0,,,,1.6327584,0.0,0.0,0.0,0.0
10,1,5,0,,,,0.78681666,0.0,0.0,0.0,0.0
10,2,5,0,,,,0.70173335,0.0,0.0,0.0,0.0
10,3,5,0,,,,0.7639167,0.0,0.0,0.0,0.0
10,4,5,0,,,,1.0677,0.0,0.0,0.0,0.0
10,5,5,0,,,,1.3976667,0.0,0.0,0.0,0.0
10,6,5,0,,,,1.227,0.0,0.0,0.0,0.0
10,7,5,0,,,,0.5078,0.0,0.0,0.0,77.0375
10,8,5,0,,,,0.37283334,0.0,0.0,0.0,324.1
10,9,5,0,,,,0.46013334,0.0,0.0,0.0,530.25836
10,10,5,0,,,,0.3905,0.0,0.0,0.0,674.9375
10,11,5,0,,,,0.46566668,0.0,0.0,0.0,765.0417
10,12,5,0,,,,0.3964,0.0,0.0,0.0,798.7083
10,13,5,0,,,,0.45321667,0.0,0.0,0.0,774.5875
10,14,5,0,,,,1.3922833,0.0,0.0,0.0,689.7625
10,15,5,0,,,,0.43903333,0.0,0.0,0.0,540.575
10,16,5,0,,,,0.42075,0.0,0.0,0.0,335.85416
10,17,5,0,,,,0.6558,0.0,0.0,0.0,70.47083
10,18,5,0,,,,4.1401834,0.0,0.0,0.0,0.0
10,19,5,0,,,,3.8994334,0.0,0.0,0.0,0.0
10,20,5,0,,,,3.53675,0.0,0.0,0.0,0.0
10,21,5,0,,,,3.5201666,0.0,0.0,0.0,0.0
10,22,5,0,,,,1.8815833,0.0,0.0,0.0,0.0
10,23,5,0,,,,2.1637332,0.0,0.0,0.0,0.0
10,24,5,0,,,,1.4253083,0.0,0.0,0.0,0.0
10,1,6,0,,,,1.0341,0.0,0.0,0.0,0.0
10,2,6,0,,,,1.04815,0.0,0.0,0.0,0.0
10,3,6,0,,,,0.86663336,0.0,0.0,0.0,0.0
10,4,6,0,,,,1.0784333,0.0,0.0,0.0,0.0
10,5,6,0,,,,0.8211833,0.0,0.0,0.0,0.0
10,6,6,0,,,,0.7263167,0.0,0.0,0.0,0.0
10,7,6,0,,,,0.74726665,0.0,0.0,0.0,81.004166
10,8,6,0,,,,0.56518334,0.0,0.0,0.0,324.79166
10,9,6,0,,,,0.53241664,0.0,0.0,0.0,538.92084
10,10,6,0,,,,0.57418334,0.0,0.0,0.0,693.7875
10,11,6,0,,,,0.52246666,0.0,0.0,0.0,782.05414
10,12,6,0,,,,0.65631664,0.0,0.0,0.0,813.1667
10,13,6,0,,,,0.85585,0.0,0.0,0.0,770.5958
10,14,6,0,,,,1.1188333,0.0,0.0,0.0,697.67914
10,15,6,0,,,,0.82198334,0.0,0.0,0.0,553.23334
10,16,6,0,,,,0.78291667,0.0,0.0,0.0,340.90833
10,17,6,0,,,,1.8428667,0.0,0.0,0.0,96.895836
10,18,6,0,,,,2.5707,0.0,0.0,0.0,0.0
10,19,6,0,,,,2.7348332,0.0,0.0,0.0,0.0
10,20,6,0,,,,3.1977334,0.0,0.0,0.0,0.0
10,21,6,0,,,,1.41005,0.0,0.0,0.0,0.0
10,22,6,0,,,,0.61128336,0.0,0.0,0.0,0.0
10,23,6,0,,,,0.67758334,0.0,0.0,0.0,0.0
10,24,6,0,,,,1.5659167,0.0,0.0,0.0,0.0
10,1,7,0,,,,0.6683667,0.0,0.0,0.0,0.0
10,2,7,0,,,,0.7083167,0.0,0.0,0.0,0.0
10,3,7,0,,,,0.62986666,0.0,0.0,0.0,0.0
10,4,7,0,,,,0.69875,0.0,0.0,0.0,0.0
10,5,7,0,,,,0.6702333,0.0,0.0,0.0,0.0
10,6,7,0,,,,0.76788336,0.0,0.0,0.0,0.0
10,7,7,0,,,,1.9089667,0.0,0.0,0.0,11.8375
10,8,7,0,,,,1.47635,0.0,0.0,0.0,148.45416
10,9,7,0,,,,0.5006833,0.0,0.0,0.0,337.57083
10,10,7,0,,,,0.5229667,0.0,0.0,0.0,356.8
10,11,7,0,,,,1.6074333,0.0,0.0,0.0,427.25833
10,12,7,0,,,,0.5079833,0.0,0.0,0.0,93.325
10,13,7,0,,,,0.9874167,0.0,0.0,0.0,182.32083
10,14,7,0,,,,1.1690667,0.0,0.0,0.0,206.9875
10,15,7,0,,,,1.2419333,0.0,0.0,0.0,85.64167
10,16,7,0,,,,3.0389333,0.0,0.0,0.0,13.795834
10,17,7,0,,,,1.6525167,0.0,0.0,0.0,0.0
10,18,7,0,,,,1.6629333,0.0,0.0,0.0,0.0
10,19,7,0,,,,2.3940833,0.0,0.0,0.0,0.0
10,20,7,0,,,,2.0967166,0.0,0.0,0.0,0.0
10,21,7,0,,,,1.4596833,0.0,0.0,0.0,0.0
10,22,7,0,,,,0.762,0.0,0.0,0.0,0.0
10,23,7,0,,,,0.79135,0.0,0.0,0.0,0.0
10,24,7,0,,,,0.78545,0.0,0.0,0.0,0.0
10,1,1,0,,,,0.75761664,0.0,0.0,0.0,0.0
10,2,1,0,,,,0.78463334,0.0,0.0,0.0,0.0
10,3,1,0,,,,0.76981664,0.0,0.0,0.0,0.0
10,4,1,0,,,,0.80443335,0.0,0.0,0.0,0.0
10,5,1,0,,,,0.85941666,0.0,0.0,0.0,0.0
10,6,1,0,,,,1.0745833,0.0,0.0,0.0,0.0
10,7,1,0,,,,0.43708333,0.0,0.0,0.0,0.0
10,8,1,0,,,,0.45551667,0.0,0.0,0.0,3.7208333
10,9,1,0,,,,0.4282,0.0,0.0,0.0,120.85833
10,10,1,0,,,,0.6494333,0.0,0.0,0.0,243.29584
10,11,1,0,,,,0.5404,0.0,0.0,0.0,77.879166
10,12,1,0,,,,0.7536167,0.0,0.0,0.0,107.375
10,13,1,0,,,,0.48443332,0.0,0.0,0.0,154.25833
10,14,1,0,,,,0.45821667,0.0,0.0,0.0,183.6875
10,15,1,0,,,,0.47161666,0.0,0.0,0.0,28.004168
10,16,1,0,,,,1.0403167,0.0,0.0,0.0,28.133333
10,17,1,0,,,,3.4983833,0.0,0.0,0.0,6.141667
10,18,1,0,,,,1.5821167,0.0,0.0,0.0,0.0
10,19,1,0,,,,1.3252333,0.0,0.0,0.0,0.0
10,20,1,0,,,,0.7457,0.0,0.0,0.0,0.0
10,21,1,0,,,,0.6670667,0.0,0.0,0.0,0.0
10,22,1,0,,,,0.64521664,0.0,0.0,0.0,0.0
10,23,1,0,,,,0.65026665,0.0,0.0,0.0,0.0
10,24,1,0,,,,0.67304164,0.0,0.0,0.0,0.0
10,1,2,0,,,,0.6156667,0.0,0.0,0.0,0.0
10,2,2,0,,,,0.68656665,0.0,0.0,0.0,0.0
10,3,2,0,,,,0.63768333,0.0,0.0,0.0,0.0
10,4,2,0,,,,1.0875833,0.0,0.0,0.0,0.0
10,5,2,0,,,,1.5442667,0.0,0.0,0.0,0.0
10,6,2,0,,,,1.00545,0.0,0.0,0.0,0.0
10,7,2,0,,,,0.41683334,0.0,0.0,0.0,60.616665
10,8,2,0,,,,0.4553,0.0,0.0,0.0,304.84583
10,9,2,0,,,,0.40665,0.0,0.0,0.0,525.9583
10,10,2,0,,,,0.46846667,0.0,0.0,0.0,675.9667
10,11,2,0,,,,0.40036666,0.0,0.0,0.0,762.64166
10,12,2,0,,,,0.47575,0.0,0.0,0.0,791.875
10,13,2,0,,,,0.40605,0.0,0.0,0.0,745.6
10,14,2,0,,,,0.4667,0.0,0.0,0.0,647.375
10,15,2,0,,,,0.42405,0.0,0.0,0.0,496.375
10,16,2,0,,,,0.6109,0.0,0.0,0.0,300.7125
10,17,2,0,,,,0.7571,0.0,0.0,0.0,70.55417
10,18,2,0,,,,2.17935,0.0,0.0,0.0,0.0
10,19,2,0,,,,4.2635,0.0,0.0,0.0,0.0
10,20,2,0,,,,2.8278832,0.0,0.0,0.0,0.0
10,21,2,0,,,,1.8770167,0.0,0.0,0.0,0.0
10,22,2,0,,,,0.61408335,0.0,0.0,0.0,0.0
10,23,2,0,,,,1.0525,0.0,0.0,0.0,0.0
10,24,2,0,,,,0.59723336,0.0,0.0,0.0,0.0
10,1,3,0,,,,0.6608833,0.0,0.0,0.0,0.0
10,2,3,0,,,,0.60325,0.0,0.0,0.0,0.0
10,3,3,0,,,,0.65713334,0.0,0.0,0.0,0.0
10,4,3,0,,,,1.0540167,0.0,0.0,0.0,0.0
10,5,3,0,,,,1.5343167,0.0,0.0,0.0,0.0
10,6,3,0,,,,1.8551333,0.0,0.0,0.0,0.0
10,7,3,0,,,,1.2547834,0.0,0.0,0.0,58.004166
10,8,3,0,,,,0.62836665,0.0,0.0,0.0,246.25833
10,9,3,0,,,,0.6724333,0.0,0.0,0.0,502.525
10,10,3,0,,,,0.6114,0.0,0.0,0.0,669.9583
10,11,3,0,,,,0.67345,0.0,0.0,0.0,754.68335
10,12,3,0,,,,0.5913875,0.0,0.0,0.0,739.2646
10,13,3,0,,,,1.065,0.0,0.0,0.0,692.8958
10,14,3,0,,,,0.7869167,0.0,0.0,0.0,492.16666
10,15,3,0,,,,0.66246665,0.0,0.0,0.0,417.6125
10,16,3,0,,,,0.5731,0.0,0.0,0.0,146.025
10,17,3,0,,,,0.63325,0.0,0.0,0.0,48.433334
10,18,3,0,,,,0.70086664,0.0,0.0,0.0,0.0
10,19,3,0,,,,1.6815166,0.0,0.0,0.0,0.0
10,20,3,0,,,,1.1188333,0.0,0.0,0.0,0.0
10,21,3,0,,,,2.3013666,0.0,0.0,0.0,0.0
10,22,3,0,,,,3.1708333,0.0,0.0,0.0,0.0
10,23,3,0,,,,1.564,0.0,0.0,0.0,0.0
10,24,3,0,,,,1.7290584,0.0,0.0,0.0,0.0
10,1,4,0,,,,0.6200167,0.0,0.0,0.0,0.0
10,2,4,0,,,,0.69168335,0.0,0.0,0.0,0.0
10,3,4,0,,,,0.63175,0.0,0.0,0.0,0.0
10,4,4,0,,,,0.6885,0.0,0.0,0.0,0.0
10,5,4,0,,,,0.8283,0.0,0.0,0.0,0.0
10,6,4,0,,,,1.5501167,0.0,0.0,0.0,0.0
10,7,4,0,,,,0.7495833,0.0,0.0,0.0,22.166666
10,8,4,0,,,,0.7532,0.0,0.0,0.0,167.61667
10,9,4,0,,,,1.3474166,0.0,0.0,0.0,409.7375
10,10,4,0,,,,1.2064167,0.0,0.0,0.0,378.8875
10,11,4,0,,,,0.42365,0.0,0.0,0.0,540.49164
10,12,4,0,,,,0.47756666,0.0,0.0,0.0,497.89584
10,13,4,0,,,,0.66003335,0.0,0.0,0.0,346.4375
10,14,4,0,,,,1.2965667,0.0,0.0,0.0,362.575
10,15,4,0,,,,0.5629333,0.0,0.0,0.0,180.325
10,16,4,0,,,,1.9927666,0.0,0.0,0.0,78.4
10,17,4,0,,,,4.5128665,0.0,0.0,0.0,19.866667
10,18,4,0,,,,3.6772,0.0,0.0,0.0,0.0
10,19,4,0,,,,3.7783334,0.0,0.0,0.0,0.0
10,20,4,0,,,,3.4624,0.0,0.0,0.0,0.0
10,21,4,0,,,,2.6044166,0.0,0.0,0.0,0.0
10,22,4,0,,,,0.77645,0.0,0.0,0.0,0.0
10,23,4,0,,,,0.74553335,0.0,0.0,0.0,0.0
10,24,4,0,,,,0.76068336,0.0,0.0,0.0,0.0
10,1,5,0,,,,0.75196666,0.0,0.0,0.0,0.0
10,2,5,0,,,,0.7531667,0.0,0.0,0.0,0.0
10,3,5,0,,,,0.75011665,0.0,0.0,0.0,0.0
10,4,5,0,,,,0.76203334,0.0,0.0,0.0,0.0
10,5,5,0,,,,0.78995,0.0,0.0,0.0,0.0
10,6,5,0,,,,0.8483833,0.0,0.0,0.0,0.0
10,7,5,0,,,,0.69133335,0.0,0.0,0.0,32.925
10,8,5,0,,,,0.8839667,0.0,0.0,0.0,81.775
10,9,5,0,,,,1.1184,0.0,0.0,0.0,191.8375
10,10,5,0,,,,1.51045,0.0,0.0,0.0,264.43332
10,11,5,0,,,,1.0121,0.0,0.0,0.0,137.04584
10,12,5,0,,,,0.8972167,0.0,0.0,0.0,242.91667
10,13,5,0,,,,0.91228336,0.0,0.0,0.0,132.65834
10,14,5,0,,,,0.6635,0.0,0.0,0.0,173.85417
10,15,5,0,,,,0.6197,0.0,0.0,0.0,189.975
10,16,5,0,,,,0.62225,0.0,0.0,0.0,187.3375
10,17,5,0,,,,0.6278,0.0,0.0,0.0,34.570835
10,18,5,0,,,,0.75205,0.0,0.0,0.0,0.0
10,19,5,0,,,,1.4531833,0.0,0.0,0.0,0.0
10,20,5,0,,,,2.8959832,0.0,0.0,0.0,0.0
10,21,5,0,,,,2.9795833,0.0,0.0,0.0,0.0
10,22,5,0,,,,1.2432166,0.0,0.0,0.0,0.0
10,23,5,0,,,,0.68156666,0.0,0.0,0.0,0.0
10,24,5,0,,,,0.644,0.0,0.0,0.0,0.0
10,1,6,0,,,,0.69013333,0.0,0.0,0.0,0.0
10,2,6,0,,,,0.64891666,0.0,0.0,0.0,0.0
10,3,6,0,,,,0.68515,0.0,0.0,0.0,0.0
10,4,6,0,,,,0.65495,0.0,0.0,0.0,0.0
10,5,6,0,,,,0.69448334,0.0,0.0,0.0,0.0
10,6,6,0,,,,0.73835,0.0,0.0,0.0,0.0
10,7,6,0,,,,0.93261665,0.0,0.0,0.0,25.5375
10,8,6,0,,,,0.92988336,0.0,0.0,0.0,155.91667
10,9,6,0,,,,1.7286834,0.0,0.0,0.0,333.225
10,10,6,0,,,,3.2026668,0.0,0.0,0.0,501.10834
10,11,6,0,,,,4.3413835,0.0,0.0,0.0,586.275
10,12,6,0,,,,2.41805,0.0,0.0,0.0,714.4167
10,13,6,0,,,,1.09165,0.0,0.0,0.0,496.32083
10,14,6,0,,,,0.9809,0.0,0.0,0.0,399.90417
10,15,6,0,,,,1.7849667,0.0,0.0,0.0,260.19168
10,16,6,0,,,,1.56435,0.0,0.0,0.0,121.708336
10,17,6,0,,,,0.7575833,0.0,0.0,0.0,18.579166
10,18,6,0,,,,0.8138,0.0,0.0,0.0,0.0
10,19,6,0,,,,0.80183333,0.0,0.0,0.0,0.0
10,20,6,0,,,,0.8071,0.0,0.0,0.0,0.0
10,21,6,0,,,,0.80871665,0.0,0.0,0.0,0.0
10,22,6,0,,,,0.8085333,0.0,0.0,0.0,0.0
10,23,6,0,,,,0.8072,0.0,0.0,0.0,0.0
10,24,6,0,,,,0.674,0.0,0.0,0.0,0.0
10,1,7,0,,,,0.61041665,0.0,0.0,0.0,0.0
10,2,7,0,,,,0.60616666,0.0,0.0,0.0,0.0
10,3,7,0,,,,0.6084167,0.0,0.0,0.0,0.0
10,4,7,0,,,,0.60478336,0.0,0.0,0.0,0.0
10,5,7,0,,,,0.83825,0.0,0.0,0.0,0.0
10,6,7,0,,,,0.69656664,0.0,0.0,0.0,0.0
10,7,7,0,,,,0.6095833,0.0,0.0,0.0,0.0
10,8,7,0,,,,1.2671,0.0,0.0,0.0,40.970833
10,9,7,0,,,,3.86615,0.0,0.0,0.0,81.425
10,10,7,0,,,,2.67585,0.0,0.0,0.0,118.625
10,11,7,0,,,,1.0083,0.0,0.0,0.0,331.8125
10,12,7,0,,,,1.7389333,0.0,0.0,0.0,224.23334
10,13,7,0,,,,1.9938166,0.0,0.0,0.0,117.2375
10,14,7,0,,,,1.0764,0.0,0.0,0.0,66.075
10,15,7,0,,,,1.1006833,0.0,0.0,0.0,23.1
10,16,7,0,,,,0.9798667,0.0,0.0,0.0,4.445833
10,17,7,0,,,,1.2417,0.0,0.0,0.0,0.0
10,18,7,0,,,,1.7102166,0.0,0.0,0.0,0.0
10,19,7,0,,,,1.8523,0.0,0.0,0.0,0.0
10,20,7,0,,,,5.6360664,0.0,0.0,0.0,0.0
10,21,7,0,,,,1.1431,0.0,0.0,0.0,0.0
10,22,7,0,,,,1.20455,0.0,0.0,0.0,0.0
10,23,7,0,,,,0.80906665,0.0,0.0,0.0,0.0
10,24,7,0,,,,0.71965,0.0,0.0,0.0,0.0
10,1,1,0,,,,0.70853335,0.0,0.0,0.0,0.0
10,2,1,0,,,,0.7011833,0.0,0.0,0.0,0.0
10,3,1,0,,,,0.72705,0.0,0.0,0.0,0.0
10,4,1,0,,,,0.658,0.0,0.0,0.0,0.0
10,5,1,0,,,,0.6781167,0.0,0.0,0.0,0.0
10,6,1,0,,,,0.74798334,0.0,0.0,0.0,0.0
10,7,1,0,,,,0.6479333,0.0,0.0,0.0,13.529166
10,8,1,0,,,,0.64568335,0.0,0.0,0.0,76.125
10,9,1,0,,,,0.80446666,0.0,0.0,0.0,271.425
10,10,1,0,,,,1.0401833,0.0,0.0,0.0,389.94583
10,11,1,0,,,,1.05805,0.0,0.0,0.0,528.1375
10,12,1,0,,,,0.7219,0.0,0.0,0.0,653.4708
10,13,1,0,,,,0.41101667,0.0,0.0,0.0,306.77084
10,14,1,0,,,,0.46566668,0.0,0.0,0.0,325.23334
10,15,1,0,,,,0.40101665,0.0,0.0,0.0,296.70834
10,16,1,0,,,,0.47321665,0.0,0.0,0.0,75.9
10,17,1,0,,,,0.38916665,0.0,0.0,0.0,16.204166
10,18,1,0,,,,0.4662,0.0,0.0,0.0,0.0
10,19,1,0,,,,0.38861668,0.0,0.0,0.0,0.0
10,20,1,0,,,,0.46085,0.0,0.0,0.0,0.0
10,21,1,0,,,,0.73551667,0.0,0.0,0.0,0.0
10,22,1,0,,,,0.51315,0.0,0.0,0.0,0.0
10,23,1,0,,,,0.4605,0.0,0.0,0.0,0.0
10,24,1,0,,,,0.49095833,0.0,0.0,0.0,0.0
11,1,2,0,,,,0.46681666,0.0,0.0,0.0,0.0
11,2,2,0,,,,0.46343333,0.0,0.0,0.0,0.0
11,3,2,0,,,,0.4854,0.0,0.0,0.0,0.0
11,4,2,0,,,,0.46566668,0.0,0.0,0.0,0.0
11,5,2,0,,,,0.5963167,0.0,0.0,0.0,0.0
11,6,2,0,,,,0.64928335,0.0,0.0,0.0,0.0
11,7,2,0,,,,0.6153167,0.0,0.0,0.0,15.345834
11,8,2,0,,,,0.71636665,0.0,0.0,0.0,64.94583
11,9,2,0,,,,0.45471665,0.0,0.0,0.0,89.375
11,10,2,0,,,,0.4024,0.0,0.0,0.0,250.075
11,11,2,0,,,,0.4359,0.0,0.0,0.0,340.3125
11,12,2,0,,,,0.43165,0.0,0.0,0.0,411.00418
11,13,2,0,,,,0.41051668,0.0,0.0,0.0,328.9875
11,14,2,0,,,,0.4102,0.0,0.0,0.0,266.54166
11,15,2,0,,,,1.3030833,0.0,0.0,0.0,135.00833
11,16,2,0,,,,2.3663666,0.0,0.0,0.0,275.15
11,17,2,0,,,,1.0019833,0.0,0.0,0.0,50.258335
11,18,2,0,,,,1.3664167,0.0,0.0,0.0,0.0
11,19,2,0,,,,1.6878834,0.0,0.0,0.0,0.0
11,20,2,0,,,,1.011025,0.0,0.0,0.0,0.0
11,21,2,0,,,,0.67025,0.0,0.0,0.0,0.0
11,22,2,0,,,,0.6494,0.0,0.0,0.0,0.0
11,23,2,0,,,,0.6408167,0.0,0.0,0.0,0.0
11,24,2,0,,,,0.64598334,0.0,0.0,0.0,0.0
11,1,3,0,,,,0.6016667,0.0,0.0,0.0,0.0
11,2,3,0,,,,0.6627167,0.0,0.0,0.0,0.0
11,3,3,0,,,,0.5919167,0.0,0.0,0.0,0.0
11,4,3,0,,,,0.6646,0.0,0.0,0.0,0.0
11,5,3,0,,,,0.7978,0.0,0.0,0.0,0.0
11,6,3,0,,,,1.3804333,0.0,0.0,0.0,0.0
11,7,3,0,,,,0.90071666,0.0,0.0,0.0,49.025
11,8,3,0,,,,0.4168,0.0,0.0,0.0,310.77084
11,9,3,0,,,,0.44611666,0.0,0.0,0.0,544.55414
11,10,3,0,,,,0.396,0.0,0.0,0.0,716.2792
11,11,3,0,,,,0.42325,0.0,0.0,0.0,818.01666
11,12,3,0,,,,0.41973335,0.0,0.0,0.0,847.45
11,13,3,0,,,,0.38361666,0.0,0.0,0.0,810.24585
11,14,3,0,,,,0.44271666,0.0,0.0,0.0,712.06665
11,15,3,0,,,,0.5902333,0.0,0.0,0.0,546.17914
11,16,3,0,,,,0.74611664,0.0,0.0,0.0,322.10416
11,17,3,0,,,,0.93385,0.0,0.0,0.0,77.495834
11,18,3,0,,,,4.055333,0.0,0.0,0.0,0.0
11,19,3,0,,,,2.2408834,0.0,0.0,0.0,0.0
11,20,3,0,,,,1.1413333,0.0,0.0,0.0,0.0
11,21,3,0,,,,1.0338167,0.0,0.0,0.0,0.0
11,22,3,0,,,,0.65321666,0.0,0.0,0.0,0.0
11,23,3,0,,,,0.6113667,0.0,0.0,0.0,0.0
11,24,3,0,,,,0.62261665,0.0,0.0,0.0,0.0
11,1,4,0,,,,0.6583667,0.0,0.0,0.0,0.0
11,2,4,0,,,,0.58855,0.0,0.0,0.0,0.0
11,3,4,0,,,,0.6418333,0.0,0.0,0.0,0.0
11,4,4,0,,,,0.66745,0.0,0.0,0.0,0.0
11,5,4,0,,,,0.73861665,0.0,0.0,0.0,0.0
11,6,4,0,,,,1.0342667,0.0,0.0,0.0,0.0
11,7,4,0,,,,0.7873167,0.0,0.0,0.0,43.029167
11,8,4,0,,,,0.8534667,0.0,0.0,0.0,292.02084
11,9,4,0,,,,0.6849833,0.0,0.0,0.0,519.6125
11,10,4,0,,,,0.6156333,0.0,0.0,0.0,687.625
11,11,4,0,,,,0.6576333,0.0,0.0,0.0,784.725
11,12,4,0,,,,0.6314167,0.0,0.0,0.0,815.82086
11,13,4,0,,,,0.6265333,0.0,0.0,0.0,784.2792
11,14,4,0,,,,0.65096664,0.0,0.0,0.0,685.5958
11,15,4,0,,,,1.2288667,0.0,0.0,0.0,522.93335
11,16,4,0,,,,1.1204667,0.0,0.0,0.0,304.525
11,17,4,0,,,,1.0620167,0.0,0.0,0.0,63.6125
11,18,4,0,,,,1.0218333,0.0,0.0,0.0,0.0
11,19,4,0,,,,2.5342166,0.0,0.0,0.0,0.0
11,20,4,0,,,,2.0780833,0.0,0.0,0.0,0.0
11,21,4,0,,,,3.2963166,0.0,0.0,0.0,0.0
11,22,4,0,,,,1.6886333,0.0,0.0,0.0,0.0
11,23,4,0,,,,0.59075,0.0,0.0,0.0,0.0
11,24,4,0,,,,0.6566,0.0,0.0,0.0,0.0
11,1,5,0,,,,0.58281666,0.0,0.0,0.0,0.0
11,2,5,0,,,,0.869,0.0,0.0,0.0,0.0
11,3,5,0,,,,1.6108,0.0,0.0,0.0,0.0
11,4,5,0,,,,0.6024333,0.0,0.0,0.0,0.0
11,5,5,0,,,,1.352,0.0,0.0,0.0,0.0
11,6,5,0,,,,1.3664,0.0,0.0,0.0,0.0
11,7,5,0,,,,0.6785833,0.0,0.0,0.0,42.775
11,8,5,0,,,,0.7083,0.0,0.0,0.0,280.95834
11,9,5,0,,,,0.66726667,0.0,0.0,0.0,500.50833
11,10,5,0,,,,0.72505,0.0,0.0,0.0,652.8625
11,11,5,0,,,,0.67365,0.0,0.0,0.0,743.69586
11,12,5,0,,,,0.6857167,0.0,0.0,0.0,773.70416
11,13,5,0,,,,0.66178334,0.0,0.0,0.0,752.9083
11,14,5,0,,,,0.6378667,0.0,0.0,0.0,657.175
11,15,5,0,,,,0.50305,0.0,0.0,0.0,499.45416
11,16,5,0,,,,2.8585167,0.0,0.0,0.0,257.15833
11,17,5,0,,,,0.8900333,0.0,0.0,0.0,59.945835
11,18,5,0,,,,1.2124833,0.0,0.0,0.0,0.0
11,19,5,0,,,,0.82271665,0.0,0.0,0.0,0.0
11,20,5,0,,,,3.1840334,0.0,0.0,0.0,0.0
11,21,5,0,,,,3.131,0.0,0.0,0.0,0.0
11,22,5,0,,,,0.7108833,0.0,0.0,0.0,0.0
11,23,5,0,,,,0.63415,0.0,0.0,0.0,0.0
11,24,5,0,,,,0.64566666,0.0,0.0,0.0,0.0
11,1,6,0,,,,0.633,0.0,0.0,0.0,0.0
11,2,6,0,,,,0.6637167,0.0,0.0,0.0,0.0
11,3,6,0,,,,0.60045,0.0,0.0,0.0,0.0
11,4,6,0,,,,0.64738333,0.0,0.0,0.0,0.0
11,5,6,0,,,,0.7184,0.0,0.0,0.0,0.0
11,6,6,0,,,,1.2919333,0.0,0.0,0.0,0.0
11,7,6,0,,,,1.7668,0.0,0.0,0.0,35.008335
11,8,6,0,,,,0.79398334,0.0,0.0,0.0,277.2875
11,9,6,0,,,,0.72608334,0.0,0.0,0.0,489.00418
11,10,6,0,,,,1.1489,0.0,0.0,0.0,642.20416
11,11,6,0,,,,1.65885,0.0,0.0,0.0,740.025
11,12,6,0,,,,0.85041666,0.0,0.0,0.0,776.1458
11,13,6,0,,,,1.1608334,0.0,0.0,0.0,747.6542
11,14,6,0,,,,1.0597334,0.0,0.0,0.0,654.85
11,15,6,0,,,,0.83493334,0.0,0.0,0.0,502.63333
11,16,6,0,,,,1.3941833,0.0,0.0,0.0,286.5875
11,17,6,0,,,,0.7201333,0.0,0.0,0.0,57.329166
11,18,6,0,,,,1.1615334,0.0,0.0,0.0,0.0
11,19,6,0,,,,2.72615,0.0,0.0,0.0,0.0
11,20,6,0,,,,1.9256333,0.0,0.0,0.0,0.0
11,21,6,0,,,,1.4159,0.0,0.0,0.0,0.0
11,22,6,0,,,,0.87221664,0.0,0.0,0.0,0.0
11,23,6,0,,,,0.86513335,0.0,0.0,0.0,0.0
11,24,6,0,,,,2.8144417,0.0,0.0,0.0,0.0
11,1,7,0,,,,0.71023333,0.0,0.0,0.0,0.0
11,2,7,0,,,,0.68161666,0.0,0.0,0.0,0.0
11,3,7,0,,,,0.73285,0.0,0.0,0.0,0.0
11,4,7,0,,,,0.6891,0.0,0.0,0.0,0.0
11,5,7,0,,,,0.68185,0.0,0.0,0.0,0.0
11,6,7,0,,,,0.6984,0.0,0.0,0.0,0.0
11,7,7,0,,,,1.1398166,0.0,0.0,0.0,259.11667
11,8,7,0,,,,1.6459,0.0,0.0,0.0,492.76666
11,9,7,0,,,,2.219,0.0,0.0,0.0,650.25836
11,10,7,0,,,,1.3256333,0.0,0.0,0.0,739.19586
11,11,7,0,,,,2.3045,0.0,0.0,0.0,766.525
11,12,7,0,,,,4.2821665,0.0,0.0,0.0,735.50836
11,13,7,0,,,,5.87075,0.0,0.0,0.0,631.4708
11,14,7,0,,,,2.5726166,0.0,0.0,0.0,468.92917
11,15,7,0,,,,2.0052333,0.0,0.0,0.0,189.52916
11,16,7,0,,,,1.6995333,0.0,0.0,0.0,26.329166
11,17,7,0,,,,1.3854333,0.0,0.0,0.0,0.0
11,18,7,0,,,,1.1333833,0.0,0.0,0.0,0.0
11,19,7,0,,,,0.8035333,0.0,0.0,0.0,0.0
11,20,7,0,,,,2.6463,0.0,0.0,0.0,0.0
11,21,7,0,,,,1.2848166,0.0,0.0,0.0,0.0
11,22,7,0,,,,0.67191666,0.0,0.0,0.0,0.0
11,23,7,0,,,,1.2989334,0.0,0.0,0.0,0.0
11,24,7,0,,,,0.63765836,0.0,0.0,0.0,0.0
11,1,1,0,,,,0.6643,0.0,0.0,0.0,0.0
11,2,1,0,,,,0.6346833,0.0,0.0,0.0,0.0
11,3,1,0,,,,0.6512,0.0,0.0,0.0,0.0
11,4,1,0,,,,0.69663334,0.0,0.0,0.0,0.0
11,5,1,0,,,,0.86216664,0.0,0.0,0.0,0.0
11,6,1,0,,,,1.0777833,0.0,0.0,0.0,0.0
11,7,1,0,,,,0.54793334,0.0,0.0,0.0,263.17084
11,8,1,0,,,,0.6694,0.0,0.0,0.0,484.93332
11,9,1,0,,,,1.0066333,0.0,0.0,0.0,638.82916
11,10,1,0,,,,0.66221666,0.0,0.0,0.0,728.7792
11,11,1,0,,,,0.57161665,0.0,0.0,0.0,748.4875
11,12,1,0,,,,0.5722333,0.0,0.0,0.0,714.89166
11,13,1,0,,,,0.58063334,0.0,0.0,0.0,631.4167
11,14,1,0,,,,0.51986665,0.0,0.0,0.0,476.29584
11,15,1,0,,,,0.5643,0.0,0.0,0.0,231.87083
11,16,1,0,,,,0.508,0.0,0.0,0.0,12.920834
11,17,1,0,,,,0.9041333,0.0,0.0,0.0,0.0
11,18,1,0,,,,1.1530666,0.0,0.0,0.0,0.0
11,19,1,0,,,,4.4168835,0.0,0.0,0.0,0.0
11,20,1,0,,,,1.2913667,0.0,0.0,0.0,0.0
11,21,1,0,,,,2.7226167,0.0,0.0,0.0,0.0
11,22,1,0,,,,0.6039,0.0,0.0,0.0,0.0
11,23,1,0,,,,0.6339333,0.0,0.0,0.0,0.0
11,24,1,0,,,,0.5956333,0.0,0.0,0.0,0.0
11,1,2,0,,,,0.6177833,0.0,0.0,0.0,0.0
11,2,2,0,,,,2.07555,0.0,0.0,0.0,0.0
11,3,2,0,,,,0.7486167,0.0,0.0,0.0,0.0
11,4,2,0,,,,0.68465,0.0,0.0,0.0,0.0
11,5,2,0,,,,0.8095667,0.0,0.0,0.0,0.0
11,6,2,0,,,,0.9101833,0.0,0.0,0.0,0.0
11,7,2,0,,,,0.46355,0.0,0.0,0.0,257.45834
11,8,2,0,,,,0.39811668,0.0,0.0,0.0,474.37082
11,9,2,0,,,,0.396,0.0,0.0,0.0,639.9167
11,10,2,0,,,,0.40916666,0.0,0.0,0.0,743.8875
11,11,2,0,,,,0.38418335,0.0,0.0,0.0,780.44586
11,12,2,0,,,,0.41308334,0.0,0.0,0.0,741.1583
11,13,2,0,,,,0.39128333,0.0,0.0,0.0,652.4083
11,14,2,0,,,,0.41408333,0.0,0.0,0.0,495.0875
11,15,2,0,,,,0.39861667,0.0,0.0,0.0,279.6375
11,16,2,0,,,,2.3101,0.0,0.0,0.0,56.25
11,17,2,0,,,,5.76145,0.0,0.0,0.0,0.0
11,18,2,0,,,,4.44255,0.0,0.0,0.0,0.0
11,19,2,0,,,,3.73915,0.0,0.0,0.0,0.0
11,20,2,0,,,,2.7683,0.0,0.0,0.0,0.0
11,21,2,0,,,,2.5826166,0.0,0.0,0.0,0.0
11,22,2,0,,,,2.1025167,0.0,0.0,0.0,0.0
11,23,2,0,,,,1.54,0.0,0.0,0.0,0.0
11,24,2,0,,,,0.61163336,0.0,0.0,0.0,0.0
11,1,3,0,,,,0.6511,0.0,0.0,0.0,0.0
11,2,3,0,,,,0.61475,0.0,0.0,0.0,0.0
11,3,3,0,,,,0.61558336,0.0,0.0,0.0,0.0
11,4,3,0,,,,0.73355,0.0,0.0,0.0,0.0
11,5,3,0,,,,1.7518166,0.0,0.0,0.0,0.0
11,6,3,0,,,,0.91723335,0.0,0.0,0.0,0.0
11,7,3,0,,,,0.49675,0.0,0.0,0.0,266.25833
11,8,3,0,,,,0.51155,0.0,0.0,0.0,493.77917
11,9,3,0,,,,0.486,0.0,0.0,0.0,625.6
11,10,3,0,,,,0.52425,0.0,0.0,0.0,688.94165
11,11,3,0,,,,0.48505,0.0,0.0,0.0,729.23334
11,12,3,0,,,,0.50345,0.0,0.0,0.0,728.94586
11,13,3,0,,,,0.5226167,0.0,0.0,0.0,650.3542
11,14,3,0,,,,0.56871665,0.0,0.0,0.0,500.75418
11,15,3,0,,,,0.7766167,0.0,0.0,0.0,288.1125
11,16,3,0,,,,2.9021833,0.0,0.0,0.0,54.933334
11,17,3,0,,,,1.9887667,0.0,0.0,0.0,0.0
11,18,3,0,,,,2.4815834,0.0,0.0,0.0,0.0
11,19,3,0,,,,3.9891834,0.0,0.0,0.0,0.0
11,20,3,0,,,,2.51845,0.0,0.0,0.0,0.0
11,21,3,0,,,,1.5522,0.0,0.0,0.0,0.0
11,22,3,0,,,,0.68285,0.0,0.0,0.0,0.0
11,23,3,0,,,,0.66245,0.0,0.0,0.0,0.0
11,24,3,0,,,,3.1062,0.0,0.0,0.0,0.0
11,1,4,0,,,,1.36685,0.0,0.0,0.0,0.0
11,2,4,0,,,,1.1667,0.0,0.0,0.0,0.0
11,3,4,0,,,,1.22215,0.0,0.0,0.0,0.0
11,4,4,0,,,,0.62333333,0.0,0.0,0.0,0.0
11,5,4,0,,,,0.80578333,0.0,0.0,0.0,0.0
11,6,4,0,,,,1.2397833,0.0,0.0,0.0,0.0
11,7,4,0,,,,0.69593334,0.0,0.0,0.0,263.19583
11,8,4,0,,,,0.99905,0.0,0.0,0.0,483.69168
11,9,4,0,,,,0.43743333,0.0,0.0,0.0,635.17084
11,10,4,0,,,,0.3661,0.0,0.0,0.0,729.00415
11,11,4,0,,,,0.79385,0.0,0.0,0.0,761.32916
11,12,4,0,,,,0.5481833,0.0,0.0,0.0,727.95416
11,13,4,0,,,,0.4309,0.0,0.0,0.0,629.7792
11,14,4,0,,,,0.38413334,0.0,0.0,0.0,475.82916
11,15,4,0,,,,0.44788334,0.0,0.0,0.0,267.975
11,16,4,0,,,,0.38896668,0.0,0.0,0.0,49.8125
11,17,4,0,,,,0.44823334,0.0,0.0,0.0,0.0
11,18,4,0,,,,1.0246167,0.0,0.0,0.0,0.0
11,19,4,0,,,,3.4042,0.0,0.0,0.0,0.0
11,20,4,0,,,,1.7300833,0.0,0.0,0.0,0.0
11,21,4,0,,,,1.4130167,0.0,0.0,0.0,0.0
11,22,4,0,,,,0.57205,0.0,0.0,0.0,0.0
11,23,4,0,,,,0.56343335,0.0,0.0,0.0,0.0
11,24,4,0,,,,0.57135,0.0,0.0,0.0,0.0
11,1,5,0,,,,0.5549167,0.0,0.0,0.0,0.0
11,2,5,0,,,,0.56587917,0.0,0.0,0.0,0.0
11,3,5,0,,,,0.8322,0.0,0.0,0.0,0.0
11,4,5,0,,,,1.0937667,0.0,0.0,0.0,0.0
11,5,5,0,,,,1.22775,0.0,0.0,0.0,0.0
11,6,5,0,,,,1.3799,0.0,0.0,0.0,0.0
11,7,5,0,,,,0.64141667,0.0,0.0,0.0,261.70416
11,8,5,0,,,,0.43596667,0.0,0.0,0.0,482.9
11,9,5,0,,,,0.37411666,0.0,0.0,0.0,638.42914
11,10,5,0,,,,0.44801667,0.0,0.0,0.0,727.92084
11,11,5,0,,,,0.36765,0.0,0.0,0.0,760.0833
11,12,5,0,,,,0.453475,0.0,0.0,0.0,724.69794
11,13,5,0,,,,0.367,0.0,0.0,0.0,630.48334
11,14,5,0,,,,0.44315,0.0,0.0,0.0,477.39584
11,15,5,0,,,,1.5143,0.0,0.0,0.0,270.5875
11,16,5,0,,,,3.74995,0.0,0.0,0.0,48.191666
11,17,5,0,,,,3.7756166,0.0,0.0,0.0,0.0
11,18,5,0,,,,1.53445,0.0,0.0,0.0,0.0
11,19,5,0,,,,1.9594375,0.0,0.0,0.0,0.0
11,20,5,0,,,,0.7751,0.0,0.0,0.0,0.0
11,21,5,0,,,,0.81203336,0.0,0.0,0.0,0.0
11,22,5,0,,,,0.8208,0.0,0.0,0.0,0.0
11,23,5,0,,,,0.8289,0.0,0.0,0.0,0.0
11,24,5,0,,,,0.80773336,0.0,0.0,0.0,0.0
11,1,6,0,,,,0.7722333,0.0,0.0,0.0,0.0
11,2,6,0,,,,0.72181666,0.0,0.0,0.0,0.0
11,3,6,0,,,,0.755,0.0,0.0,0.0,0.0
11,4,6,0,,,,0.73653334,0.0,0.0,0.0,0.0
11,5,6,0,,,,0.924,0.0,0.0,0.0,0.0
11,6,6,0,,,,0.84005,0.0,0.0,0.0,0.0
11,7,6,0,,,,1.1300334,0.0,0.0,0.0,204.1875
11,8,6,0,,,,2.18235,0.0,0.0,0.0,356.1875
11,9,6,0,,,,2.9427166,0.0,0.0,0.0,269.5875
11,10,6,0,,,,2.0042167,0.0,0.0,0.0,441.04166
11,11,6,0,,,,1.2685833,0.0,0.0,0.0,406.10416
11,12,6,0,,,,0.50035,0.0,0.0,0.0,486.2875
11,13,6,0,,,,0.5144333,0.0,0.0,0.0,531.82916
11,14,6,0,,,,0.5018,0.0,0.0,0.0,293.74167
11,15,6,0,,,,1.2434334,0.0,0.0,0.0,151.81667
11,16,6,0,,,,5.784867,0.0,0.0,0.0,19.341667
11,17,6,0,,,,2.5045,0.0,0.0,0.0,0.0
11,18,6,0,,,,1.9962833,0.0,0.0,0.0,0.0
11,19,6,0,,,,2.4661334,0.0,0.0,0.0,0.0
11,20,6,0,,,,2.4937832,0.0,0.0,0.0,0.0
11,21,6,0,,,,1.8028166,0.0,0.0,0.0,0.0
11,22,6,0,,,,0.74598336,0.0,0.0,0.0,0.0
11,23,6,0,,,,0.78218335,0.0,0.0,0.0,0.0
11,24,6,0,,,,0.78120553,0.0,0.0,0.0,0.0
11,1,7,0,,,,0.77435,0.0,0.0,0.0,0.0
11,2,7,0,,,,0.76816666,0.0,0.0,0.0,0.0
11,3,7,0,,,,0.8084667,0.0,0.0,0.0,0.0
11,4,7,0,,,,0.74455,0.0,0.0,0.0,0.0
11,5,7,0,,,,0.6910333,0.0,0.0,0.0,0.0
11,6,7,0,,,,1.49265,0.0,0.0,0.0,0.0
11,7,7,0,,,,0.92861664,0.0,0.0,0.0,255.43333
11,8,7,0,,,,1.1754833,0.0,0.0,0.0,479.82083
11,9,7,0,,,,0.8933,0.0,0.0,0.0,639.69586
11,10,7,0,,,,0.77695,0.0,0.0,0.0,736.6458
11,11,7,0,,,,1.481,0.0,0.0,0.0,768.37915
11,12,7,0,,,,1.6560333,0.0,0.0,0.0,732.9083
11,13,7,0,,,,2.0519834,0.0,0.0,0.0,644.5917
11,14,7,0,,,,1.3245,0.0,0.0,0.0,489.86667
11,15,7,0,,,,1.2381333,0.0,0.0,0.0,271.2
11,16,7,0,,,,1.1360166,0.0,0.0,0.0,45.433334
11,17,7,0,,,,1.1921834,0.0,0.0,0.0,0.0
11,18,7,0,,,,1.2914833,0.0,0.0,0.0,0.0
11,19,7,0,,,,6.2816668,0.0,0.0,0.0,0.0
11,20,7,0,,,,3.2919166,0.0,0.0,0.0,0.0
11,21,7,0,,,,2.3493166,0.0,0.0,0.0,0.0
11,22,7,0,,,,0.6635,0.0,0.0,0.0,0.0
11,23,7,0,,,,1.8396333,0.0,0.0,0.0,0.0
11,24,7,0,,,,0.6565167,0.0,0.0,0.0,0.0
11,1,1,0,,,,0.6411333,0.0,0.0,0.0,0.0
11,2,1,0,,,,0.62785,0.0,0.0,0.0,0.0
11,3,1,0,,,,0.6271167,0.0,0.0,0.0,0.0
11,4,1,0,,,,0.69965,0.0,0.0,0.0,0.0
11,5,1,0,,,,1.1517333,0.0,0.0,0.0,0.0
11,6,1,0,,,,1.4050833,0.0,0.0,0.0,0.0
11,7,1,0,,,,0.6133,0.0,0.0,0.0,248.89166
11,8,1,0,,,,0.5822167,0.0,0.0,0.0,466.17917
11,9,1,0,,,,0.53398335,0.0,0.0,0.0,619.2708
11,10,1,0,,,,0.56773335,0.0,0.0,0.0,714.12915
11,11,1,0,,,,0.55983335,0.0,0.0,0.0,745.625
11,12,1,0,,,,0.5709,0.0,0.0,0.0,715.4
11,13,1,0,,,,0.5377167,0.0,0.0,0.0,627.7708
11,14,1,0,,,,0.5457,0.0,0.0,0.0,478.66666
11,15,1,0,,,,0.5301167,0.0,0.0,0.0,270.65
11,16,1,0,,,,1.1955333,0.0,0.0,0.0,50.920834
11,17,1,0,,,,6.3497,0.0,0.0,0.0,0.0
11,18,1,0,,,,3.7670834,0.0,0.0,0.0,0.0
11,19,1,0,,,,2.6659667,0.0,0.0,0.0,0.0
11,20,1,0,,,,2.49135,0.0,0.0,0.0,0.0
11,21,1,0,,,,2.0335,0.0,0.0,0.0,0.0
11,22,1,0,,,,1.5055667,0.0,0.0,0.0,0.0
11,23,1,0,,,,1.0973834,0.0,0.0,0.0,0.0
11,24,1,0,,,,0.8151,0.0,0.0,0.0,0.0
11,1,2,0,,,,0.7938833,0.0,0.0,0.0,0.0
11,2,2,0,,,,0.78356665,0.0,0.0,0.0,0.0
11,3,2,0,,,,0.7944,0.0,0.0,0.0,0.0
11,4,2,0,,,,0.8509333,0.0,0.0,0.0,0.0
11,5,2,0,,,,0.8890333,0.0,0.0,0.0,0.0
11,6,2,0,,,,0.9472833,0.0,0.0,0.0,0.0
11,7,2,0,,,,0.54083335,0.0,0.0,0.0,236.05
11,8,2,0,,,,0.58521664,0.0,0.0,0.0,458.52917
11,9,2,0,,,,0.5453333,0.0,0.0,0.0,621.56665
11,10,2,0,,,,0.5771,0.0,0.0,0.0,584.2833
11,11,2,0,,,,0.56198335,0.0,0.0,0.0,679.80835
11,12,2,0,,,,0.5606833,0.0,0.0,0.0,675.975
11,13,2,0,,,,0.5759,0.0,0.0,0.0,394.0625
11,14,2,0,,,,0.5168333,0.0,0.0,0.0,273.8
11,15,2,0,,,,0.5301,0.0,0.0,0.0,84.49167
11,16,2,0,,,,1.0768167,0.0,0.0,0.0,6.9791665
11,17,2,0,,,,1.3268167,0.0,0.0,0.0,0.0
11,18,2,0,,,,1.9327834,0.0,0.0,0.0,0.0
11,19,2,0,,,,2.126,0.0,0.0,0.0,0.0
11,20,2,0,,,,3.6516833,0.0,0.0,0.0,0.0
11,21,2,0,,,,2.7228668,0.0,0.0,0.0,0.0
11,22,2,0,,,,2.2535334,0.0,0.0,0.0,0.0
11,23,2,0,,,,0.76638335,0.0,0.0,0.0,0.0
11,24,2,0,,,,0.78826666,0.0,0.0,0.0,0.0
11,1,3,0,,,,0.75116664,0.0,0.0,0.0,0.0
11,2,3,0,,,,1.0638833,0.0,0.0,0.0,0.0
11,3,3,0,,,,0.81668335,0.0,0.0,0.0,0.0
11,4,3,0,,,,0.87081665,0.0,0.0,0.0,0.0
11,5,3,0,,,,1.46525,0.0,0.0,0.0,0.0
11,6,3,0,,,,1.1074,0.0,0.0,0.0,0.0
11,7,3,0,,,,0.60656667,0.0,0.0,0.0,228.49583
11,8,3,0,,,,0.54156667,0.0,0.0,0.0,455.45834
11,9,3,0,,,,0.59076667,0.0,0.0,0.0,567.7625
11,10,3,0,,,,0.5377833,0.0,0.0,0.0,469.14166
11,11,3,0,,,,0.54976666,0.0,0.0,0.0,593.2375
11,12,3,0,,,,0.5674,0.0,0.0,0.0,530.875
11,13,3,0,,,,0.5427667,0.0,0.0,0.0,454.17917
11,14,3,0,,,,0.58195,0.0,0.0,0.0,450.1375
11,15,3,0,,,,0.52351665,0.0,0.0,0.0,220.56667
11,16,3,0,,,,0.7237667,0.0,0.0,0.0,24.308332
11,17,3,0,,,,1.5131834,0.0,0.0,0.0,0.0
11,18,3,0,,,,1.7991834,0.0,0.0,0.0,0.0
11,19,3,0,,,,1.7914,0.0,0.0,0.0,0.0
11,20,3,0,,,,1.4201334,0.0,0.0,0.0,0.0
11,21,3,0,,,,0.80981666,0.0,0.0,0.0,0.0
11,22,3,0,,,,0.6667167,0.0,0.0,0.0,0.0
11,23,3,0,,,,0.69838333,0.0,0.0,0.0,0.0
11,24,3,0,,,,0.6682,0.0,0.0,0.0,0.0
11,1,4,0,,,,1.3622667,0.0,0.0,0.0,0.0
11,2,4,0,,,,0.67205,0.0,0.0,0.0,0.0
11,3,4,0,,,,0.6081167,0.0,0.0,0.0,0.0
11,4,4,0,,,,0.6828167,0.0,0.0,0.0,0.0
11,5,4,0,,,,0.63051665,0.0,0.0,0.0,0.0
11,6,4,0,,,,0.7263,0.0,0.0,0.0,0.0
11,7,4,0,,,,0.78925,0.0,0.0,0.0,253.85
11,8,4,0,,,,0.4798,0.0,0.0,0.0,496.55
11,9,4,0,,,,1.9483167,0.0,0.0,0.0,670.75836
11,10,4,0,,,,0.92941666,0.0,0.0,0.0,776.9
11,11,4,0,,,,0.5912667,0.0,0.0,0.0,814.1667
11,12,4,0,,,,0.5086833,0.0,0.0,0.0,780.9375
11,13,4,0,,,,0.69725,0.0,0.0,0.0,682.43335
11,14,4,0,,,,0.41898334,0.0,0.0,0.0,514.39166
11,15,4,0,,,,0.53358334,0.0,0.0,0.0,281.9125
11,16,4,0,,,,1.0706167,0.0,0.0,0.0,43.5875
11,17,4,0,,,,1.4356667,0.0,0.0,0.0,0.0
11,18,4,0,,,,3.9736166,0.0,0.0,0.0,0.0
11,19,4,0,,,,1.56915,0.0,0.0,0.0,0.0
11,20,4,0,,,,1.0002167,0.0,0.0,0.0,0.0
11,21,4,0,,,,0.70185,0.0,0.0,0.0,0.0
11,22,4,0,,,,1.4839833,0.0,0.0,0.0,0.0
11,23,4,0,,,,0.65775,0.0,0.0,0.0,0.0
11,24,4,0,,,,0.67321664,0.0,0.0,0.0,0.0
11,1,5,0,,,,0.6487167,0.0,0.0,0.0,0.0
11,2,5,0,,,,0.65431666,0.0,0.0,0.0,0.0
11,3,5,0,,,,0.65155,0.0,0.0,0.0,0.0
11,4,5,0,,,,0.6738833,0.0,0.0,0.0,0.0
11,5,5,0,,,,0.9640167,0.0,0.0,0.0,0.0
11,6,5,0,,,,0.71405,0.0,0.0,0.0,0.0
11,7,5,0,,,,0.3895,0.0,0.0,0.0,253.4375
11,8,5,0,,,,0.40123335,0.0,0.0,0.0,489.95834
11,9,5,0,,,,0.43526667,0.0,0.0,0.0,663.67084
11,10,5,0,,,,0.38913333,0.0,0.0,0.0,765.31665
11,11,5,0,,,,0.39088333,0.0,0.0,0.0,797.68335
11,12,5,0,,,,0.41353333,0.0,0.0,0.0,764.25
11,13,5,0,,,,0.38711667,0.0,0.0,0.0,653.9042
11,14,5,0,,,,0.4114,0.0,0.0,0.0,491.8
11,15,5,0,,,,0.41848335,0.0,0.0,0.0,279.55832
11,16,5,0,,,,0.9376,0.0,0.0,0.0,48.108334
11,17,5,0,,,,1.3555,0.0,0.0,0.0,0.0
11,18,5,0,,,,1.3347666,0.0,0.0,0.0,0.0
11,19,5,0,,,,0.8768,0.0,0.0,0.0,0.0
11,20,5,0,,,,0.77565,0.0,0.0,0.0,0.0
11,21,5,0,,,,1.3871334,0.0,0.0,0.0,0.0
11,22,5,0,,,,0.67873335,0.0,0.0,0.0,0.0
11,23,5,0,,,,0.67038333,0.0,0.0,0.0,0.0
11,24,5,0,,,,0.7047833,0.0,0.0,0.0,0.0
11,1,6,0,,,,0.6535,0.0,0.0,0.0,0.0
11,2,6,0,,,,0.68163335,0.0,0.0,0.0,0.0
11,3,6,0,,,,0.65525,0.0,0.0,0.0,0.0
11,4,6,0,,,,0.6817667,0.0,0.0,0.0,0.0
11,5,6,0,,,,0.77826667,0.0,0.0,0.0,0.0
11,6,6,0,,,,0.85431665,0.0,0.0,0.0,0.0
11,7,6,0,,,,0.99953336,0.0,0.0,0.0,249.84166
11,8,6,0,,,,0.7783,0.0,0.0,0.0,474.47083
11,9,6,0,,,,0.68535,0.0,0.0,0.0,602.89166
11,10,6,0,,,,0.95776665,0.0,0.0,0.0,490.60416
11,11,6,0,,,,1.0738333,0.0,0.0,0.0,340.425
11,12,6,0,,,,1.04945,0.0,0.0,0.0,287.42917
11,13,6,0,,,,1.2992,0.0,0.0,0.0,268.59167
11,14,6,0,,,,1.2219833,0.0,0.0,0.0,479.35
11,15,6,0,,,,1.5569167,0.0,0.0,0.0,144.57916
11,16,6,0,,,,1.1111333,0.0,0.0,0.0,10.6875
11,17,6,0,,,,1.1863834,0.0,0.0,0.0,0.0
11,18,6,0,,,,1.1849,0.0,0.0,0.0,0.0
11,19,6,0,,,,1.1716666,0.0,0.0,0.0,0.0
11,20,6,0,,,,1.9982667,0.0,0.0,0.0,0.0
11,21,6,0,,,,1.7895666,0.0,0.0,0.0,0.0
11,22,6,0,,,,0.5771833,0.0,0.0,0.0,0.0
11,23,6,0,,,,0.58813334,0.0,0.0,0.0,0.0
11,24,6,0,,,,0.5854833,0.0,0.0,0.0,0.0
11,1,7,0,,,,0.5865,0.0,0.0,0.0,0.0
11,2,7,0,,,,0.5983833,0.0,0.0,0.0,0.0
11,3,7,0,,,,0.57815,0.0,0.0,0.0,0.0
11,4,7,0,,,,0.60078335,0.0,0.0,0.0,0.0
11,5,7,0,,,,0.57531667,0.0,0.0,0.0,0.0
11,6,7,0,,,,0.57846665,0.0,0.0,0.0,0.0
11,7,7,0,,,,0.37095,0.0,0.0,0.0,30.770834
11,8,7,0,,,,0.81041664,0.0,0.0,0.0,234.92917
11,9,7,0,,,,0.9030833,0.0,0.0,0.0,501.59167
11,10,7,0,,,,1.5171,0.0,0.0,0.0,631.45416
11,11,7,0,,,,0.94265,0.0,0.0,0.0,522.10834
11,12,7,0,,,,1.0638167,0.0,0.0,0.0,569.175
11,13,7,0,,,,1.2182667,0.0,0.0,0.0,361.97916
11,14,7,0,,,,0.93975,0.0,0.0,0.0,152.22084
11,15,7,0,,,,1.1798834,0.0,0.0,0.0,34.441666
11,16,7,0,,,,1.6237167,0.0,0.0,0.0,0.0
11,17,7,0,,,,1.7943166,0.0,0.0,0.0,0.0
11,18,7,0,,,,1.2187166,0.0,0.0,0.0,0.0
11,19,7,0,,,,1.2524166,0.0,0.0,0.0,0.0
11,20,7,0,,,,0.8044,0.0,0.0,0.0,0.0
11,21,7,0,,,,0.5775333,0.0,0.0,0.0,0.0
11,22,7,0,,,,0.6444333,0.0,0.0,0.0,0.0
11,23,7,0,,,,0.56553334,0.0,0.0,0.0,0.0
11,24,7,0,,,,0.6537,0.0,0.0,0.0,0.0
11,1,1,0,,,,0.5769167,0.0,0.0,0.0,0.0
11,2,1,0,,,,0.6538,0.0,0.0,0.0,0.0
11,3,1,0,,,,0.5772167,0.0,0.0,0.0,0.0
11,4,1,0,,,,0.68023336,0.0,0.0,0.0,0.0
11,5,1,0,,,,1.1946666,0.0,0.0,0.0,0.0
11,6,1,0,,,,1.2595333,0.0,0.0,0.0,0.0
11,7,1,0,,,,0.5154,0.0,0.0,0.0,45.8625
11,8,1,0,,,,0.39386666,0.0,0.0,0.0,100.395836
11,9,1,0,,,,0.44656667,0.0,0.0,0.0,223.24583
11,10,1,0,,,,0.38776666,0.0,0.0,0.0,231.10834
11,11,1,0,,,,0.45553333,0.0,0.0,0.0,138.3125
11,12,1,0,,,,0.38898334,0.0,0.0,0.0,30.770834
11,13,1,0,,,,0.42768332,0.0,0.0,0.0,52.5875
11,14,1,0,,,,0.4034,0.0,0.0,0.0,61.129166
11,15,1,0,,,,0.40743333,0.0,0.0,0.0,19.325
11,16,1,0,,,,0.41621667,0.0,0.0,0.0,0.0
11,17,1,0,,,,0.55871665,0.0,0.0,0.0,0.0
11,18,1,0,,,,3.3996832,0.0,0.0,0.0,0.0
11,19,1,0,,,,1.0290166,0.0,0.0,0.0,0.0
11,20,1,0,,,,0.92548335,0.0,0.0,0.0,0.0
11,21,1,0,,,,0.6051,0.0,0.0,0.0,0.0
11,22,1,0,,,,0.61931664,0.0,0.0,0.0,0.0
11,23,1,0,,,,0.6308333,0.0,0.0,0.0,0.0
11,24,1,0,,,,0.59925,0.0,0.0,0.0,0.0
11,1,2,0,,,,0.65085,0.0,0.0,0.0,0.0
11,2,2,0,,,,0.58125,0.0,0.0,0.0,0.0
11,3,2,0,,,,0.63416666,0.0,0.0,0.0,0.0
11,4,2,0,,,,0.70031667,0.0,0.0,0.0,0.0
11,5,2,0,,,,0.80233335,0.0,0.0,0.0,0.0
11,6,2,0,,,,0.9400333,0.0,0.0,0.0,0.0
11,7,2,0,,,,0.7604833,0.0,0.0,0.0,223.025
11,8,2,0,,,,0.604,0.0,0.0,0.0,459.44168
11,9,2,0,,,,0.3972,0.0,0.0,0.0,625.56665
11,10,2,0,,,,0.40103334,0.0,0.0,0.0,726.74585
11,11,2,0,,,,0.61925,0.0,0.0,0.0,759.05
11,12,2,0,,,,0.841,0.0,0.0,0.0,720.73334
11,13,2,0,,,,0.44958332,0.0,0.0,0.0,622.6875
11,14,2,0,,,,0.40951666,0.0,0.0,0.0,478.35834
11,15,2,0,,,,0.65926665,0.0,0.0,0.0,271.175
11,16,2,0,,,,1.6365167,0.0,0.0,0.0,36.595833
11,17,2,0,,,,3.02375,0.0,0.0,0.0,0.0
11,18,2,0,,,,1.69305,0.0,0.0,0.0,0.0
11,19,2,0,,,,1.3861,0.0,0.0,0.0,0.0
11,20,2,0,,,,0.93906665,0.0,0.0,0.0,0.0
11,21,2,0,,,,0.5961667,0.0,0.0,0.0,0.0
11,22,2,0,,,,0.56518334,0.0,0.0,0.0,0.0
11,23,2,0,,,,0.6360833,0.0,0.0,0.0,0.0
11,24,2,0,,,,0.57743335,0.0,0.0,0.0,0.0
11,1,3,0,,,,0.59315,0.0,0.0,0.0,0.0
11,2,3,0,,,,0.6181333,0.0,0.0,0.0,0.0
11,3,3,0,,,,0.5959833,0.0,0.0,0.0,0.0
11,4,3,0,,,,0.5765167,0.0,0.0,0.0,0.0
11,5,3,0,,,,0.86431664,0.0,0.0,0.0,0.0
11,6,3,0,,,,0.5532333,0.0,0.0,0.0,0.0
11,7,3,0,,,,0.69656664,0.0,0.0,0.0,218.4125
11,8,3,0,,,,0.5453333,0.0,0.0,0.0,458.5875
11,9,3,0,,,,0.462,0.0,0.0,0.0,579.32086
11,10,3,0,,,,0.7765833,0.0,0.0,0.0,671.25415
11,11,3,0,,,,0.95485,0.0,0.0,0.0,746.6667
11,12,3,0,,,,0.9247,0.0,0.0,0.0,727.6583
11,13,3,0,,,,1.0069833,0.0,0.0,0.0,596.95416
11,14,3,0,,,,1.3297334,0.0,0.0,0.0,435.22083
11,15,3,0,,,,1.131,0.0,0.0,0.0,223.8375
11,16,3,0,,,,1.3128667,0.0,0.0,0.0,20.216667
11,17,3,0,,,,1.5018834,0.0,0.0,0.0,0.0
11,18,3,0,,,,1.9912167,0.0,0.0,0.0,0.0
11,19,3,0,,,,1.1586167,0.0,0.0,0.0,0.0
11,20,3,0,,,,1.1901833,0.0,0.0,0.0,0.0
11,21,3,0,,,,1.17955,0.0,0.0,0.0,0.0
11,22,3,0,,,,1.15175,0.0,0.0,0.0,0.0
11,23,3,0,,,,0.8304333,0.0,0.0,0.0,0.0
11,24,3,0,,,,0.6428667,0.0,0.0,0.0,0.0
11,1,4,0,,,,0.57846665,0.0,0.0,0.0,0.0
11,2,4,0,,,,0.603,0.0,0.0,0.0,0.0
11,3,4,0,,,,0.60055,0.0,0.0,0.0,0.0
11,4,4,0,,,,0.62755,0.0,0.0,0.0,0.0
11,5,4,0,,,,0.5790833,0.0,0.0,0.0,0.0
11,6,4,0,,,,0.49856666,0.0,0.0,0.0,0.0
11,7,4,0,,,,0.57075,0.0,0.0,0.0,224.97084
11,8,4,0,,,,0.8358333,0.0,0.0,0.0,473.80417
11,9,4,0,,,,0.9372,0.0,0.0,0.0,658.67914
11,10,4,0,,,,0.9785333,0.0,0.0,0.0,769.8333
11,11,4,0,,,,0.6498333,0.0,0.0,0.0,809.32086
11,12,4,0,,,,0.6589,0.0,0.0,0.0,778.07916
11,13,4,0,,,,3.0152333,0.0,0.0,0.0,674.5208
11,14,4,0,,,,1.339,0.0,0.0,0.0,505.15
11,15,4,0,,,,1.0941833,0.0,0.0,0.0,276.63333
11,16,4,0,,,,0.85398334,0.0,0.0,0.0,40.391666
11,17,4,0,,,,0.58673334,0.0,0.0,0.0,0.0
11,18,4,0,,,,0.6290333,0.0,0.0,0.0,0.0
11,19,4,0,,,,0.66506666,0.0,0.0,0.0,0.0
11,20,4,0,,,,0.7075,0.0,0.0,0.0,0.0
11,21,4,0,,,,0.5922667,0.0,0.0,0.0,0.0
11,22,4,0,,,,0.56918335,0.0,0.0,0.0,0.0
11,23,4,0,,,,0.56981665,0.0,0.0,0.0,0.0
11,24,4,0,,,,0.595525,0.0,0.0,0.0,0.0
11,1,5,0,,,,0.5506667,0.0,0.0,0.0,0.0
11,2,5,0,,,,0.606,0.0,0.0,0.0,0.0
11,3,5,0,,,,0.56163335,0.0,0.0,0.0,0.0
11,4,5,0,,,,0.91978335,0.0,0.0,0.0,0.0
11,5,5,0,,,,1.2131333,0.0,0.0,0.0,0.0
11,6,5,0,,,,0.89325,0.0,0.0,0.0,0.0
11,7,5,0,,,,0.61653334,0.0,0.0,0.0,226.08333
11,8,5,0,,,,0.40186667,0.0,0.0,0.0,468.25833
11,9,5,0,,,,0.37835,0.0,0.0,0.0,633.6667
11,10,5,0,,,,0.37401667,0.0,0.0,0.0,727.30414
11,11,5,0,,,,0.5747333,0.0,0.0,0.0,761.82916
11,12,5,0,,,,0.50053334,0.0,0.0,0.0,729.2375
11,13,5,0,,,,0.40088335,0.0,0.0,0.0,642.54584
11,14,5,0,,,,0.4291,0.0,0.0,0.0,485.48334
11,15,5,0,,,,0.37581667,0.0,0.0,0.0,268.54166
11,16,5,0,,,,0.39905,0.0,0.0,0.0,39.716667
11,17,5,0,,,,0.8343167,0.0,0.0,0.0,0.0
11,18,5,0,,,,1.5868666,0.0,0.0,0.0,0.0
11,19,5,0,,,,1.8030167,0.0,0.0,0.0,0.0
11,20,5,0,,,,1.50175,0.0,0.0,0.0,0.0
11,21,5,0,,,,1.07125,0.0,0.0,0.0,0.0
11,22,5,0,,,,0.7861,0.0,0.0,0.0,0.0
11,23,5,0,,,,0.62981665,0.0,0.0,0.0,0.0
11,24,5,0,,,,0.67755,0.0,0.0,0.0,0.0
11,1,6,0,,,,0.6234667,0.0,0.0,0.0,0.0
11,2,6,0,,,,0.61978334,0.0,0.0,0.0,0.0
11,3,6,0,,,,0.67406666,0.0,0.0,0.0,0.0
11,4,6,0,,,,0.62895,0.0,0.0,0.0,0.0
11,5,6,0,,,,0.8401667,0.0,0.0,0.0,0.0
11,6,6,0,,,,0.98253334,0.0,0.0,0.0,0.0
11,7,6,0,,,,0.7859167,0.0,0.0,0.0,177.04584
11,8,6,0,,,,0.75605,0.0,0.0,0.0,441.9229
11,9,6,0,,,,0.660825,0.0,0.0,0.0,634.80206
11,10,6,0,,,,0.63725,0.0,0.0,0.0,738.4042
11,11,6,0,,,,0.70685,0.0,0.0,0.0,735.82916
11,12,6,0,,,,0.68273336,0.0,0.0,0.0,542.67914
11,13,6,0,,,,1.7034167,0.0,0.0,0.0,227.62917
11,14,6,0,,,,2.7577333,0.0,0.0,0.0,52.416668
11,15,6,0,,,,4.5406666,0.0,0.0,0.0,0.8958333
11,16,6,0,,,,5.4126334,0.0,0.0,0.0,0.98333335
11,17,6,0,,,,4.0858335,0.0,0.0,0.0,0.0
11,18,6,0,,,,1.6754333,0.0,0.0,0.0,0.0
11,19,6,0,,,,1.3119,0.0,0.0,0.0,0.0
11,20,6,0,,,,1.1810334,0.0,0.0,0.0,0.0
11,21,6,0,,,,0.8625,0.0,0.0,0.0,0.0
11,22,6,0,,,,0.9310667,0.0,0.0,0.0,0.0
11,23,6,0,,,,0.9073167,0.0,0.0,0.0,0.0
11,24,6,0,,,,0.7657667,0.0,0.0,0.0,0.0
11,1,7,0,,,,0.6519333,0.0,0.0,0.0,0.0
11,2,7,0,,,,0.64955,0.0,0.0,0.0,0.0
11,3,7,0,,,,0.89888334,0.0,0.0,0.0,0.0
11,4,7,0,,,,0.6801,0.0,0.0,0.0,0.0
11,5,7,0,,,,0.66106665,0.0,0.0,0.0,0.0
11,6,7,0,,,,0.64125,0.0,0.0,0.0,0.0
11,7,7,0,,,,0.87883335,0.0,0.0,0.0,42.966667
11,8,7,0,,,,1.9536667,0.0,0.0,0.0,45.433334
11,9,7,0,,,,2.4448667,0.0,0.0,0.0,40.329166
11,10,7,0,,,,4.5758166,0.0,0.0,0.0,17.3625
11,11,7,0,,,,2.4085834,0.0,0.0,0.0,23.595833
11,12,7,0,,,,1.5615833,0.0,0.0,0.0,53.554165
11,13,7,0,,,,0.9625,0.0,0.0,0.0,72.375
11,14,7,0,,,,1.5651667,0.0,0.0,0.0,19.3875
11,15,7,0,,,,1.5369166,0.0,0.0,0.0,29.866667
11,16,7,0,,,,1.6931167,0.0,0.0,0.0,3.1875
11,17,7,0,,,,4.1310835,0.0,0.0,0.0,0.0
11,18,7,0,,,,2.6218333,0.0,0.0,0.0,0.0
11,19,7,0,,,,1.5048333,0.0,0.0,0.0,0.0
11,20,7,0,,,,0.73826665,0.0,0.0,0.0,0.0
11,21,7,0,,,,0.6030833,0.0,0.0,0.0,0.0
11,22,7,0,,,,0.5725667,0.0,0.0,0.0,0.0
11,23,7,0,,,,0.58358335,0.0,0.0,0.0,0.0
11,24,7,0,,,,0.58665,0.0,0.0,0.0,0.0
11,1,1,0,,,,0.58788335,0.0,0.0,0.0,0.0
11,2,1,0,,,,0.61038333,0.0,0.0,0.0,0.0
11,3,1,0,,,,0.57406664,0.0,0.0,0.0,0.0
11,4,1,0,,,,2.0430334,0.0,0.0,0.0,0.0
11,5,1,0,,,,1.2768834,0.0,0.0,0.0,0.0
11,6,1,0,,,,1.4909667,0.0,0.0,0.0,0.0
11,7,1,0,,,,0.51275,0.0,0.0,0.0,183.94167
11,8,1,0,,,,0.3407,0.0,0.0,0.0,318.525
11,9,1,0,,,,0.3738,0.0,0.0,0.0,335.37918
11,10,1,0,,,,0.37141666,0.0,0.0,0.0,555.12915
11,11,1,0,,,,0.45498332,0.0,0.0,0.0,722.24585
11,12,1,0,,,,4.1496334,0.0,0.0,0.0,523.32916
11,13,1,0,,,,0.6171,0.0,0.0,0.0,375.21667
11,14,1,0,,,,0.3562,0.0,0.0,0.0,131.9375
11,15,1,0,,,,0.38701665,0.0,0.0,0.0,135.61667
11,16,1,0,,,,0.36398333,0.0,0.0,0.0,29.2375
11,17,1,0,,,,1.5398834,0.0,0.0,0.0,0.0
11,18,1,0,,,,1.4533167,0.0,0.0,0.0,0.0
11,19,1,0,,,,5.4348497,0.0,0.0,0.0,0.0
11,20,1,0,,,,3.5440166,0.0,0.0,0.0,0.0
11,21,1,0,,,,1.0803167,0.0,0.0,0.0,0.0
11,22,1,0,,,,1.0444334,0.0,0.0,0.0,0.0
11,23,1,0,,,,0.6361167,0.0,0.0,0.0,0.0
11,24,1,0,,,,0.6546,0.0,0.0,0.0,0.0
11,1,2,0,,,,0.62958336,0.0,0.0,0.0,0.0
11,2,2,0,,,,0.6400667,0.0,0.0,0.0,0.0
11,3,2,0,,,,0.61513335,0.0,0.0,0.0,0.0
11,4,2,0,,,,0.6626833,0.0,0.0,0.0,0.0
11,5,2,0,,,,0.77818334,0.0,0.0,0.0,0.0
11,6,2,0,,,,0.63278335,0.0,0.0,0.0,0.0
11,7,2,0,,,,0.34201667,0.0,0.0,0.0,210.84166
11,8,2,0,,,,0.3571,0.0,0.0,0.0,461.32916
11,9,2,0,,,,0.33575,0.0,0.0,0.0,642.82916
11,10,2,0,,,,0.33978334,0.0,0.0,0.0,752.0958
11,11,2,0,,,,0.4551,0.0,0.0,0.0,795.13336
11,12,2,0,,,,2.5457666,0.0,0.0,0.0,768.5333
11,13,2,0,,,,0.35498333,0.0,0.0,0.0,670.23334
11,14,2,0,,,,0.327,0.0,0.0,0.0,509.5
11,15,2,0,,,,0.40676665,0.0,0.0,0.0,283.74582
11,16,2,0,,,,1.9797666,0.0,0.0,0.0,37.0375
11,17,2,0,,,,1.4572166,0.0,0.0,0.0,0.0
11,18,2,0,,,,2.1373167,0.0,0.0,0.0,0.0
11,19,2,0,,,,2.5077333,0.0,0.0,0.0,0.0
11,20,2,0,,,,1.0354944,0.0,0.0,0.0,0.0
11,21,2,0,,,,0.90475,0.0,0.0,0.0,0.0
11,22,2,0,,,,0.60726666,0.0,0.0,0.0,0.0
11,23,2,0,,,,0.63045,0.0,0.0,0.0,0.0
11,24,2,0,,,,0.59575,0.0,0.0,0.0,0.0
11,1,3,0,,,,0.60585,0.0,0.0,0.0,0.0
11,2,3,0,,,,0.60495,0.0,0.0,0.0,0.0
11,3,3,0,,,,0.61411667,0.0,0.0,0.0,0.0
11,4,3,0,,,,0.56013334,0.0,0.0,0.0,0.0
11,5,3,0,,,,0.6296667,0.0,0.0,0.0,0.0
11,6,3,0,,,,1.1690834,0.0,0.0,0.0,0.0
11,7,3,0,,,,0.5958167,0.0,0.0,0.0,217.45334
11,8,3,0,,,,2.36335,0.0,0.0,0.0,453.6875
11,9,3,0,,,,1.31475,0.0,0.0,0.0,625.29584
11,10,3,0,,,,0.7138,0.0,0.0,0.0,720.4708
11,11,3,0,,,,0.42821667,0.0,0.0,0.0,668.7083
11,12,3,0,,,,2.67115,0.0,0.0,0.0,727.3875
11,13,3,0,,,,0.28481665,0.0,0.0,0.0,632.1042
11,14,3,0,,,,0.31433332,0.0,0.0,0.0,477.3375
11,15,3,0,,,,0.33931667,0.0,0.0,0.0,263.47083
11,16,3,0,,,,3.0793667,0.0,0.0,0.0,40.525
11,17,3,0,,,,3.477,0.0,0.0,0.0,0.0
11,18,3,0,,,,1.0096,0.0,0.0,0.0,0.0
11,19,3,0,,,,1.2950833,0.0,0.0,0.0,0.0
11,20,3,0,,,,1.3099166,0.0,0.0,0.0,0.0
11,21,3,0,,,,0.6814833,0.0,0.0,0.0,0.0
11,22,3,0,,,,0.60821664,0.0,0.0,0.0,0.0
11,23,3,0,,,,0.58285,0.0,0.0,0.0,0.0
11,24,3,0,,,,0.58944166,0.0,0.0,0.0,0.0
12,1,4,0,,,,0.5596833,0.0,0.0,0.0,0.0
12,2,4,0,,,,0.5976,0.0,0.0,0.0,0.0
12,3,4,0,,,,0.55691665,0.0,0.0,0.0,0.0
12,4,4,0,,,,0.60055,0.0,0.0,0.0,0.0
12,5,4,0,,,,0.7759333,0.0,0.0,0.0,0.0
12,6,4,0,,,,1.11675,0.0,0.0,0.0,0.0
12,7,4,0,,,,0.45648333,0.0,0.0,0.0,72.683334
12,8,4,0,,,,0.3754,0.0,0.0,0.0,213.44167
12,9,4,0,,,,0.35921666,0.0,0.0,0.0,421.7625
12,10,4,0,,,,0.37198332,0.0,0.0,0.0,381.35416
12,11,4,0,,,,0.4398,0.0,0.0,0.0,312.9875
12,12,4,0,,,,3.4115,0.0,0.0,0.0,630.8521
12,13,4,0,,,,0.55385,0.0,0.0,0.0,569.3458
12,14,4,0,,,,0.6499,0.0,0.0,0.0,447.59583
12,15,4,0,,,,0.35048333,0.0,0.0,0.0,260.6625
12,16,4,0,,,,0.5559,0.0,0.0,0.0,32.375
12,17,4,0,,,,2.12775,0.0,0.0,0.0,0.0
12,18,4,0,,,,1.82215,0.0,0.0,0.0,0.0
12,19,4,0,,,,3.4635167,0.0,0.0,0.0,0.0
12,20,4,0,,,,4.3588667,0.0,0.0,0.0,0.0
12,21,4,0,,,,1.8653333,0.0,0.0,0.0,0.0
12,22,4,0,,,,2.4525666,0.0,0.0,0.0,0.0
12,23,4,0,,,,0.5528333,0.0,0.0,0.0,0.0
12,24,4,0,,,,0.60431665,0.0,0.0,0.0,0.0
12,1,5,0,,,,0.58578336,0.0,0.0,0.0,0.0
12,2,5,0,,,,0.6078,0.0,0.0,0.0,0.0
12,3,5,0,,,,0.5826,0.0,0.0,0.0,0.0
12,4,5,0,,,,0.86756665,0.0,0.0,0.0,0.0
12,5,5,0,,,,1.1243666,0.0,0.0,0.0,0.0
12,6,5,0,,,,1.3946333,0.0,0.0,0.0,0.0
12,7,5,0,,,,0.39331666,0.0,0.0,0.0,206.60834
12,8,5,0,,,,0.35068333,0.0,0.0,0.0,464.00418
12,9,5,0,,,,0.37001666,0.0,0.0,0.0,648.82086
12,10,5,0,,,,0.3522,0.0,0.0,0.0,754.1625
12,11,5,0,,,,0.36353335,0.0,0.0,0.0,768.80835
12,12,5,0,,,,0.3411,0.0,0.0,0.0,749.07086
12,13,5,0,,,,0.36665,0.0,0.0,0.0,665.475
12,14,5,0,,,,0.34343332,0.0,0.0,0.0,504.55
12,15,5,0,,,,0.36353335,0.0,0.0,0.0,282.55832
12,16,5,0,,,,0.5103,0.0,0.0,0.0,41.479168
12,17,5,0,,,,6.0439,0.0,0.0,0.0,0.0
12,18,5,0,,,,3.6539,0.0,0.0,0.0,0.0
12,19,5,0,,,,1.4498333,0.0,0.0,0.0,0.0
12,20,5,0,,,,1.2132,0.0,0.0,0.0,0.0
12,21,5,0,,,,1.0163667,0.0,0.0,0.0,0.0
12,22,5,0,,,,2.7529166,0.0,0.0,0.0,0.0
12,23,5,0,,,,4.32465,0.0,0.0,0.0,0.0
12,24,5,0,,,,0.56841666,0.0,0.0,0.0,0.0
12,1,6,0,,,,0.58993334,0.0,0.0,0.0,0.0
12,2,6,0,,,,0.57275,0.0,0.0,0.0,0.0
12,3,6,0,,,,0.5854833,0.0,0.0,0.0,0.0
12,4,6,0,,,,1.4232167,0.0,0.0,0.0,0.0
12,5,6,0,,,,0.87525,0.0,0.0,0.0,0.0
12,6,6,0,,,,2.2422166,0.0,0.0,0.0,0.0
12,7,6,0,,,,2.0552166,0.0,0.0,0.0,207.25417
12,8,6,0,,,,1.1170167,0.0,0.0,0.0,451.64166
12,9,6,0,,,,0.40066665,0.0,0.0,0.0,633.8417
12,10,6,0,,,,1.0130416,0.0,0.0,0.0,741.91876
12,11,6,0,,,,0.8096,0.0,0.0,0.0,783.67084
12,12,6,0,,,,1.0066667,0.0,0.0,0.0,753.65
12,13,6,0,,,,3.6021833,0.0,0.0,0.0,664.125
12,14,6,0,,,,1.7111167,0.0,0.0,0.0,503.93332
12,15,6,0,,,,1.5740334,0.0,0.0,0.0,279.95834
12,16,6,0,,,,1.5660334,0.0,0.0,0.0,43.229168
12,17,6,0,,,,1.4804,0.0,0.0,0.0,0.0
12,18,6,0,,,,1.6844167,0.0,0.0,0.0,0.0
12,19,6,0,,,,1.3947166,0.0,0.0,0.0,0.0
12,20,6,0,,,,1.4322667,0.0,0.0,0.0,0.0
12,21,6,0,,,,1.38525,0.0,0.0,0.0,0.0
12,22,6,0,,,,1.0880667,0.0,0.0,0.0,0.0
12,23,6,0,,,,0.7995333,0.0,0.0,0.0,0.0
12,24,6,0,,,,0.8400667,0.0,0.0,0.0,0.0
12,1,7,0,,,,0.7743833,0.0,0.0,0.0,0.0
12,2,7,0,,,,0.81131667,0.0,0.0,0.0,0.0
12,3,7,0,,,,0.86128336,0.0,0.0,0.0,0.0
12,4,7,0,,,,0.91746664,0.0,0.0,0.0,0.0
12,5,7,0,,,,0.81023335,0.0,0.0,0.0,0.0
12,6,7,0,,,,0.93118334,0.0,0.0,0.0,0.0
12,7,7,0,,,,0.80843335,0.0,0.0,0.0,198.44583
12,8,7,0,,,,0.38105,0.0,0.0,0.0,435.85834
12,9,7,0,,,,0.3704,0.0,0.0,0.0,607.5917
12,10,7,0,,,,2.9098167,0.0,0.0,0.0,701.925
12,11,7,0,,,,0.7899333,0.0,0.0,0.0,740.4
12,12,7,0,,,,0.83526665,0.0,0.0,0.0,710.57916
12,13,7,0,,,,0.39271668,0.0,0.0,0.0,625.68335
12,14,7,0,,,,0.7101667,0.0,0.0,0.0,433.85834
12,15,7,0,,,,1.40725,0.0,0.0,0.0,228.35834
12,16,7,0,,,,1.6423833,0.0,0.0,0.0,18.8375
12,17,7,0,,,,1.4491667,0.0,0.0,0.0,0.0
12,18,7,0,,,,1.1184,0.0,0.0,0.0,0.0
12,19,7,0,,,,2.69175,0.0,0.0,0.0,0.0
12,20,7,0,,,,2.2570333,0.0,0.0,0.0,0.0
12,21,7,0,,,,0.98538333,0.0,0.0,0.0,0.0
12,22,7,0,,,,0.9337,0.0,0.0,0.0,0.0
12,23,7,0,,,,0.5533,0.0,0.0,0.0,0.0
12,24,7,0,,,,0.56516665,0.0,0.0,0.0,0.0
12,1,1,0,,,,0.61226666,0.0,0.0,0.0,0.0
12,2,1,0,,,,0.55535,0.0,0.0,0.0,0.0
12,3,1,0,,,,0.5743167,0.0,0.0,0.0,0.0
12,4,1,0,,,,0.8475,0.0,0.0,0.0,0.0
12,5,1,0,,,,0.6296833,0.0,0.0,0.0,0.0
12,6,1,0,,,,1.2462833,0.0,0.0,0.0,0.0
12,7,1,0,,,,0.4676,0.0,0.0,0.0,141.61667
12,8,1,0,,,,0.45181668,0.0,0.0,0.0,295.9375
12,9,1,0,,,,1.5202667,0.0,0.0,0.0,441.55
12,10,1,0,,,,0.6349,0.0,0.0,0.0,428.77917
12,11,1,0,,,,0.37916666,0.0,0.0,0.0,364.09167
12,12,1,0,,,,0.35328335,0.0,0.0,0.0,417.325
12,13,1,0,,,,0.37155,0.0,0.0,0.0,514.7833
12,14,1,0,,,,0.37351668,0.0,0.0,0.0,424.35834
12,15,1,0,,,,0.39961666,0.0,0.0,0.0,198.52083
12,16,1,0,,,,0.54838336,0.0,0.0,0.0,24.633333
12,17,1,0,,,,1.6758833,0.0,0.0,0.0,0.0
12,18,1,0,,,,1.4633833,0.0,0.0,0.0,0.0
12,19,1,0,,,,3.6484833,0.0,0.0,0.0,0.0
12,20,1,0,,,,0.60323334,0.0,0.0,0.0,0.0
12,21,1,0,,,,0.58975,0.0,0.0,0.0,0.0
12,22,1,0,,,,0.57061666,0.0,0.0,0.0,0.0
12,23,1,0,,,,0.5890833,0.0,0.0,0.0,0.0
12,24,1,0,,,,0.57505834,0.0,0.0,0.0,0.0
12,1,2,0,,,,0.5928,0.0,0.0,0.0,0.0
12,2,2,0,,,,0.59241664,0.0,0.0,0.0,0.0
12,3,2,0,,,,0.60405,0.0,0.0,0.0,0.0
12,4,2,0,,,,1.92875,0.0,0.0,0.0,0.0
12,5,2,0,,,,1.0768,0.0,0.0,0.0,0.0
12,6,2,0,,,,0.9158,0.0,0.0,0.0,0.0
12,7,2,0,,,,0.34925,0.0,0.0,0.0,53.675
12,8,2,0,,,,0.33596668,0.0,0.0,0.0,90.17917
12,9,2,0,,,,0.35391667,0.0,0.0,0.0,216.6125
12,10,2,0,,,,0.34113333,0.0,0.0,0.0,306.49167
12,11,2,0,,,,0.45458335,0.0,0.0,0.0,274.87918
12,12,2,0,,,,3.4454,0.0,0.0,0.0,299.8625
12,13,2,0,,,,0.32671666,0.0,0.0,0.0,79.441666
12,14,2,0,,,,0.34805,0.0,0.0,0.0,66.03333
12,15,2,0,,,,0.34468332,0.0,0.0,0.0,18.55
12,16,2,0,,,,1.0182166,0.0,0.0,0.0,0.0
12,17,2,0,,,,2.09285,0.0,0.0,0.0,0.0
12,18,2,0,,,,1.8269,0.0,0.0,0.0,0.0
12,19,2,0,,,,4.1579165,0.0,0.0,0.0,0.0
12,20,2,0,,,,3.9478834,0.0,0.0,0.0,0.0
12,21,2,0,,,,0.98725,0.0,0.0,0.0,0.0
12,22,2,0,,,,0.88098335,0.0,0.0,0.0,0.0
12,23,2,0,,,,0.57233334,0.0,0.0,0.0,0.0
12,24,2,0,,,,0.60075,0.0,0.0,0.0,0.0
12,1,3,0,,,,0.5754167,0.0,0.0,0.0,0.0
12,2,3,0,,,,0.58484447,0.0,0.0,0.0,0.0
12,3,3,0,,,,0.5729167,0.0,0.0,0.0,0.0
12,4,3,0,,,,0.71001667,0.0,0.0,0.0,0.0
12,5,3,0,,,,0.83851665,0.0,0.0,0.0,0.0
12,6,3,0,,,,0.8423333,0.0,0.0,0.0,0.0
12,7,3,0,,,,0.39888334,0.0,0.0,0.0,43.625
12,8,3,0,,,,0.34838334,0.0,0.0,0.0,111.933334
12,9,3,0,,,,0.38281667,0.0,0.0,0.0,279.50833
12,10,3,0,,,,0.35006666,0.0,0.0,0.0,580.7792
12,11,3,0,,,,0.46745,0.0,0.0,0.0,613.5
12,12,3,0,,,,3.20515,0.0,0.0,0.0,723.4083
12,13,3,0,,,,0.35283333,0.0,0.0,0.0,621.375
12,14,3,0,,,,0.35138333,0.0,0.0,0.0,462.8625
12,15,3,0,,,,0.36913332,0.0,0.0,0.0,226.84166
12,16,3,0,,,,1.11265,0.0,0.0,0.0,15.141666
12,17,3,0,,,,1.6506833,0.0,0.0,0.0,0.0
12,18,3,0,,,,2.2575,0.0,0.0,0.0,0.0
12,19,3,0,,,,1.7147167,0.0,0.0,0.0,0.0
12,20,3,0,,,,1.4038666,0.0,0.0,0.0,0.0
12,21,3,0,,,,0.8610167,0.0,0.0,0.0,0.0
12,22,3,0,,,,0.61583334,0.0,0.0,0.0,0.0
12,23,3,0,,,,0.6443,0.0,0.0,0.0,0.0
12,24,3,0,,,,0.6206333,0.0,0.0,0.0,0.0
12,1,4,0,,,,0.65025,0.0,0.0,0.0,0.0
12,2,4,0,,,,0.638,0.0,0.0,0.0,0.0
12,3,4,0,,,,0.6414833,0.0,0.0,0.0,0.0
12,4,4,0,,,,0.64928335,0.0,0.0,0.0,0.0
12,5,4,0,,,,0.7629667,0.0,0.0,0.0,0.0
12,6,4,0,,,,0.78466666,0.0,0.0,0.0,0.0
12,7,4,0,,,,0.39365,0.0,0.0,0.0,116.041664
12,8,4,0,,,,0.45648333,0.0,0.0,0.0,378.775
12,9,4,0,,,,0.43838334,0.0,0.0,0.0,560.50836
12,10,4,0,,,,0.37576666,0.0,0.0,0.0,669.9
12,11,4,0,,,,0.45076665,0.0,0.0,0.0,701.82086
12,12,4,0,,,,3.5843334,0.0,0.0,0.0,677.2292
12,13,4,0,,,,0.32553333,0.0,0.0,0.0,589.075
12,14,4,0,,,,0.3387,0.0,0.0,0.0,403.47083
12,15,4,0,,,,0.6002167,0.0,0.0,0.0,211.65834
12,16,4,0,,,,0.6181667,0.0,0.0,0.0,20.054167
12,17,4,0,,,,0.343,0.0,0.0,0.0,0.0
12,18,4,0,,,,0.35995,0.0,0.0,0.0,0.0
12,19,4,0,,,,1.0829834,0.0,0.0,0.0,0.0
12,20,4,0,,,,1.0217667,0.0,0.0,0.0,0.0
12,21,4,0,,,,0.78645,0.0,0.0,0.0,0.0
12,22,4,0,,,,0.5887,0.0,0.0,0.0,0.0
12,23,4,0,,,,0.56586665,0.0,0.0,0.0,0.0
12,24,4,0,,,,0.5928417,0.0,0.0,0.0,0.0
12,1,5,0,,,,0.57185,0.0,0.0,0.0,0.0
12,2,5,0,,,,0.5965833,0.0,0.0,0.0,0.0
12,3,5,0,,,,4.7690334,0.0,0.0,0.0,0.0
12,4,5,0,,,,2.68995,0.0,0.0,0.0,0.0
12,5,5,0,,,,1.5864333,0.0,0.0,0.0,0.0
12,6,5,0,,,,1.6597167,0.0,0.0,0.0,0.0
12,7,5,0,,,,0.98375,0.0,0.0,0.0,61.0
12,8,5,0,,,,0.60555,0.0,0.0,0.0,273.35416
12,9,5,0,,,,0.36976665,0.0,0.0,0.0,393.7625
12,10,5,0,,,,0.34583333,0.0,0.0,0.0,321.4375
12,11,5,0,,,,0.55006665,0.0,0.0,0.0,367.2625
12,12,5,0,,,,0.7744667,0.0,0.0,0.0,522.55414
12,13,5,0,,,,0.50488335,0.0,0.0,0.0,431.40417
12,14,5,0,,,,0.34068334,0.0,0.0,0.0,341.07083
12,15,5,0,,,,0.34,0.0,0.0,0.0,216.25417
12,16,5,0,,,,0.34803334,0.0,0.0,0.0,23.970833
12,17,5,0,,,,1.06835,0.0,0.0,0.0,0.0
12,18,5,0,,,,1.8639166,0.0,0.0,0.0,0.0
12,19,5,0,,,,5.260383,0.0,0.0,0.0,0.0
12,20,5,0,,,,3.6839,0.0,0.0,0.0,0.0
12,21,5,0,,,,2.1935334,0.0,0.0,0.0,0.0
12,22,5,0,,,,0.6874,0.0,0.0,0.0,0.0
12,23,5,0,,,,0.55903333,0.0,0.0,0.0,0.0
12,24,5,0,,,,0.57393336,0.0,0.0,0.0,0.0
12,1,6,0,,,,0.55415,0.0,0.0,0.0,0.0
12,2,6,0,,,,0.57748336,0.0,0.0,0.0,0.0
12,3,6,0,,,,0.56233335,0.0,0.0,0.0,0.0
12,4,6,0,,,,0.76136667,0.0,0.0,0.0,0.0
12,5,6,0,,,,1.2176167,0.0,0.0,0.0,0.0
12,6,6,0,,,,4.4115334,0.0,0.0,0.0,0.0
12,7,6,0,,,,2.1372333,0.0,0.0,0.0,111.0875
12,8,6,0,,,,1.3795333,0.0,0.0,0.0,343.14166
12,9,6,0,,,,1.51265,0.0,0.0,0.0,511.04166
12,10,6,0,,,,0.61403334,0.0,0.0,0.0,618.9583
12,11,6,0,,,,1.0394833,0.0,0.0,0.0,656.4583
12,12,6,0,,,,1.7370167,0.0,0.0,0.0,622.05
12,13,6,0,,,,1.3421167,0.0,0.0,0.0,532.6625
12,14,6,0,,,,2.1353166,0.0,0.0,0.0,353.50833
12,15,6,0,,,,1.1606,0.0,0.0,0.0,186.025
12,16,6,0,,,,1.10685,0.0,0.0,0.0,15.80625
12,17,6,0,,,,1.29185,0.0,0.0,0.0,0.0
12,18,6,0,,,,1.2397667,0.0,0.0,0.0,0.0
12,19,6,0,,,,1.0897334,0.0,0.0,0.0,0.0
12,20,6,0,,,,0.80623335,0.0,0.0,0.0,0.0
12,21,6,0,,,,0.77405,0.0,0.0,0.0,0.0
12,22,6,0,,,,0.6997,0.0,0.0,0.0,0.0
12,23,6,0,,,,0.6051667,0.0,0.0,0.0,0.0
12,24,6,0,,,,0.6229917,0.0,0.0,0.0,0.0
12,1,7,0,,,,0.61095,0.0,0.0,0.0,0.0
12,2,7,0,,,,0.6374,0.0,0.0,0.0,0.0
12,3,7,0,,,,1.9680333,0.0,0.0,0.0,0.0
12,4,7,0,,,,0.6019,0.0,0.0,0.0,0.0
12,5,7,0,,,,0.58848333,0.0,0.0,0.0,0.0
12,6,7,0,,,,0.46101665,0.0,0.0,0.0,0.0
12,7,7,0,,,,0.68181664,0.0,0.0,0.0,1.7
12,8,7,0,,,,1.3862,0.0,0.0,0.0,28.729166
12,9,7,0,,,,0.91148335,0.0,0.0,0.0,73.59167
12,10,7,0,,,,0.46073332,0.0,0.0,0.0,150.7875
12,11,7,0,,,,0.39583334,0.0,0.0,0.0,133.9625
12,12,7,0,,,,0.36345,0.0,0.0,0.0,116.8875
12,13,7,0,,,,0.93855,0.0,0.0,0.0,121.629166
12,14,7,0,,,,1.1228666,0.0,0.0,0.0,36.741665
12,15,7,0,,,,0.69086665,0.0,0.0,0.0,12.6125
12,16,7,0,,,,0.58031666,0.0,0.0,0.0,0.0
12,17,7,0,,,,0.85328335,0.0,0.0,0.0,0.0
12,18,7,0,,,,2.65575,0.0,0.0,0.0,0.0
12,19,7,0,,,,4.4742165,0.0,0.0,0.0,0.0
12,20,7,0,,,,0.83853334,0.0,0.0,0.0,0.0
12,21,7,0,,,,0.60915,0.0,0.0,0.0,0.0
12,22,7,0,,,,0.54936665,0.0,0.0,0.0,0.0
12,23,7,0,,,,0.5881,0.0,0.0,0.0,0.0
12,24,7,0,,,,0.591025,0.0,0.0,0.0,0.0
12,1,1,0,,,,0.62418336,0.0,0.0,0.0,0.0
12,2,1,0,,,,0.5797833,0.0,0.0,0.0,0.0
12,3,1,0,,,,0.5566,0.0,0.0,0.0,0.0
12,4,1,0,,,,0.72396666,0.0,0.0,0.0,0.0
12,5,1,0,,,,0.91726667,0.0,0.0,0.0,0.0
12,6,1,0,,,,1.7848,0.0,0.0,0.0,0.0
12,7,1,0,,,,1.4091667,0.0,0.0,0.0,24.270834
