day_type,hour,wm_start_time_step,wm_end_time_step,load_profile
7,16,-1,-1,-1
7,17,-1,-1,-1
7,18,-1,-1,-1
7,19,-1,-1,-1
7,20,-1,-1,-1
7,21,-1,-1,-1
7,22,-1,-1,-1
7,23,-1,-1,-1
7,24,-1,-1,-1
1,1,-1,-1,-1
1,2,-1,-1,-1
1,3,-1,-1,-1
1,4,1012,1016,"[43.88, 5.517, 3.096]"
1,5,1012,1016,"[43.88, 5.517, 3.096]"
1,6,1012,1016,"[43.88, 5.517, 3.096]"
1,7,1012,1016,"[43.88, 5.517, 3.096]"
1,8,1012,1016,"[43.88, 5.517, 3.096]"
1,9,-1,-1,-1
1,10,-1,-1,-1
1,11,-1,-1,-1
1,12,-1,-1,-1
1,13,-1,-1,-1
1,14,-1,-1,-1
1,15,-1,-1,-1
1,16,-1,-1,-1
1,17,-1,-1,-1
1,18,-1,-1,-1
1,19,-1,-1,-1
1,20,-1,-1,-1
1,21,-1,-1,-1
1,22,-1,-1,-1
1,23,-1,-1,-1
1,24,-1,-1,-1
2,1,1033,1037,"[3.8869999999999996, 3.092]"
2,2,1033,1037,"[3.8869999999999996, 3.092]"
2,3,1033,1037,"[3.8869999999999996, 3.092]"
2,4,1033,1037,"[3.8869999999999996, 3.092]"
2,5,1033,1037,"[3.8869999999999996, 3.092]"
2,6,-1,-1,-1
2,7,-1,-1,-1
2,8,-1,-1,-1
2,9,-1,-1,-1
2,10,-1,-1,-1
2,11,-1,-1,-1
2,12,-1,-1,-1
2,13,-1,-1,-1
2,14,-1,-1,-1
2,15,-1,-1,-1
2,16,-1,-1,-1
2,17,-1,-1,-1
2,18,-1,-1,-1
2,19,-1,-1,-1
2,20,-1,-1,-1
2,21,-1,-1,-1
2,22,-1,-1,-1
2,23,-1,-1,-1
2,24,-1,-1,-1
3,1,1057,1060,[3.096]
3,2,1057,1060,[3.096]
3,3,1057,1060,[3.096]
3,4,1057,1060,[3.096]
3,5,-1,-1,-1
3,6,-1,-1,-1
3,7,-1,-1,-1
3,8,-1,-1,-1
3,9,-1,-1,-1
3,10,-1,-1,-1
3,11,-1,-1,-1
3,12,-1,-1,-1
3,13,-1,-1,-1
3,14,-1,-1,-1
3,15,-1,-1,-1
3,16,-1,-1,-1
3,17,-1,-1,-1
3,18,-1,-1,-1
3,19,-1,-1,-1
3,20,-1,-1,-1
3,21,-1,-1,-1
3,22,-1,-1,-1
3,23,-1,-1,-1
3,24,-1,-1,-1
4,1,1081,1082,[1.2109999999999999]
4,2,1081,1082,[1.2109999999999999]
4,3,-1,-1,-1
4,4,-1,-1,-1
4,5,-1,-1,-1
4,6,-1,-1,-1
4,7,-1,-1,-1
4,8,-1,-1,-1
4,9,-1,-1,-1
4,10,-1,-1,-1
4,11,-1,-1,-1
4,12,-1,-1,-1
4,13,-1,-1,-1
4,14,-1,-1,-1
4,15,-1,-1,-1
4,16,-1,-1,-1
4,17,-1,-1,-1
4,18,-1,-1,-1
4,19,-1,-1,-1
4,20,-1,-1,-1
4,21,-1,-1,-1
4,22,-1,-1,-1
4,23,-1,-1,-1
4,24,-1,-1,-1
5,1,-1,-1,-1
5,2,1106,1107,[17.991999999999997]
5,3,1106,1107,[17.991999999999997]
5,4,-1,-1,-1
5,5,-1,-1,-1
5,6,-1,-1,-1
5,7,-1,-1,-1
5,8,-1,-1,-1
5,9,-1,-1,-1
5,10,-1,-1,-1
5,11,-1,-1,-1
5,12,-1,-1,-1
5,13,-1,-1,-1
5,14,-1,-1,-1
5,15,-1,-1,-1
5,16,-1,-1,-1
5,17,-1,-1,-1
5,18,-1,-1,-1
5,19,-1,-1,-1
5,20,-1,-1,-1
5,21,-1,-1,-1
5,22,-1,-1,-1
5,23,-1,-1,-1
5,24,-1,-1,-1
6,1,1129,1133,"[19.451, 10.11, 3.0620000000000003, 10.101]"
6,2,1129,1133,"[19.451, 10.11, 3.0620000000000003, 10.101]"
6,3,1129,1133,"[19.451, 10.11, 3.0620000000000003, 10.101]"
6,4,1129,1133,"[19.451, 10.11, 3.0620000000000003, 10.101]"
6,5,1129,1133,"[19.451, 10.11, 3.0620000000000003, 10.101]"
6,6,-1,-1,-1
6,7,-1,-1,-1
6,8,-1,-1,-1
6,9,-1,-1,-1
6,10,-1,-1,-1
6,11,-1,-1,-1
6,12,-1,-1,-1
6,13,-1,-1,-1
6,14,-1,-1,-1
6,15,-1,-1,-1
6,16,-1,-1,-1
6,17,-1,-1,-1
6,18,-1,-1,-1
6,19,-1,-1,-1
6,20,-1,-1,-1
6,21,-1,-1,-1
6,22,-1,-1,-1
6,23,-1,-1,-1
6,24,-1,-1,-1
7,1,-1,-1,-1
7,2,1154,1157,"[1.2109999999999999, 11.385]"
7,3,1154,1157,"[1.2109999999999999, 11.385]"
7,4,1154,1157,"[1.2109999999999999, 11.385]"
7,5,1154,1157,"[1.2109999999999999, 11.385]"
7,6,-1,-1,-1
7,7,-1,-1,-1
7,8,-1,-1,-1
7,9,-1,-1,-1
7,10,-1,-1,-1
7,11,-1,-1,-1
7,12,-1,-1,-1
7,13,-1,-1,-1
7,14,-1,-1,-1
7,15,-1,-1,-1
7,16,-1,-1,-1
7,17,-1,-1,-1
7,18,-1,-1,-1
7,19,-1,-1,-1
7,20,-1,-1,-1
7,21,-1,-1,-1
7,22,-1,-1,-1
7,23,-1,-1,-1
7,24,-1,-1,-1
1,1,1177,1181,"[16.987000000000002, 3.061, 18.275]"
1,2,1177,1181,"[16.987000000000002, 3.061, 18.275]"
1,3,1177,1181,"[16.987000000000002, 3.061, 18.275]"
1,4,1177,1181,"[16.987000000000002, 3.061, 18.275]"
1,5,1177,1181,"[16.987000000000002, 3.061, 18.275]"
1,6,-1,-1,-1
1,7,-1,-1,-1
1,8,-1,-1,-1
1,9,-1,-1,-1
1,10,-1,-1,-1
1,11,-1,-1,-1
1,12,-1,-1,-1
1,13,-1,-1,-1
1,14,-1,-1,-1
1,15,-1,-1,-1
1,16,-1,-1,-1
1,17,-1,-1,-1
1,18,-1,-1,-1
1,19,-1,-1,-1
1,20,-1,-1,-1
1,21,-1,-1,-1
1,22,-1,-1,-1
1,23,-1,-1,-1
1,24,-1,-1,-1
2,1,1201,1202,[15.349]
2,2,1201,1202,[15.349]
2,3,-1,-1,-1
2,4,-1,-1,-1
2,5,-1,-1,-1
2,6,-1,-1,-1
2,7,-1,-1,-1
2,8,-1,-1,-1
2,9,-1,-1,-1
2,10,-1,-1,-1
2,11,-1,-1,-1
2,12,-1,-1,-1
2,13,-1,-1,-1
2,14,-1,-1,-1
2,15,-1,-1,-1
2,16,-1,-1,-1
2,17,-1,-1,-1
2,18,-1,-1,-1
2,19,-1,-1,-1
2,20,-1,-1,-1
2,21,-1,-1,-1
2,22,-1,-1,-1
2,23,-1,-1,-1
2,24,-1,-1,-1
3,1,1225,1229,"[3.088, 3.0940000000000003, 43.775999999999996, 3.0949999999999998]"
3,2,1225,1229,"[3.088, 3.0940000000000003, 43.775999999999996, 3.0949999999999998]"
3,3,1225,1229,"[3.088, 3.0940000000000003, 43.775999999999996, 3.0949999999999998]"
3,4,1225,1229,"[3.088, 3.0940000000000003, 43.775999999999996, 3.0949999999999998]"
3,5,1225,1229,"[3.088, 3.0940000000000003, 43.775999999999996, 3.0949999999999998]"
3,6,-1,-1,-1
3,7,-1,-1,-1
3,8,-1,-1,-1
3,9,-1,-1,-1
3,10,-1,-1,-1
3,11,-1,-1,-1
3,12,-1,-1,-1
3,13,-1,-1,-1
3,14,-1,-1,-1
3,15,-1,-1,-1
3,16,-1,-1,-1
3,17,-1,-1,-1
3,18,-1,-1,-1
3,19,-1,-1,-1
3,20,-1,-1,-1
3,21,-1,-1,-1
3,22,-1,-1,-1
3,23,-1,-1,-1
3,24,-1,-1,-1
4,1,-1,-1,-1
4,2,-1,-1,-1
4,3,1251,1252,[1.21]
4,4,1251,1252,[1.21]
4,5,-1,-1,-1
4,6,-1,-1,-1
4,7,-1,-1,-1
4,8,-1,-1,-1
4,9,-1,-1,-1
4,10,-1,-1,-1
4,11,-1,-1,-1
4,12,-1,-1,-1
4,13,-1,-1,-1
4,14,-1,-1,-1
4,15,-1,-1,-1
4,16,-1,-1,-1
4,17,-1,-1,-1
4,18,-1,-1,-1
4,19,-1,-1,-1
4,20,-1,-1,-1
4,21,-1,-1,-1
4,22,-1,-1,-1
4,23,-1,-1,-1
4,24,-1,-1,-1
5,1,-1,-1,-1
5,2,1274,1275,[5.555]
5,3,1274,1275,[5.555]
5,4,-1,-1,-1
5,5,-1,-1,-1
5,6,-1,-1,-1
5,7,-1,-1,-1
5,8,-1,-1,-1
5,9,-1,-1,-1
5,10,-1,-1,-1
5,11,-1,-1,-1
5,12,-1,-1,-1
5,13,-1,-1,-1
5,14,-1,-1,-1
5,15,-1,-1,-1
5,16,-1,-1,-1
5,17,-1,-1,-1
5,18,-1,-1,-1
5,19,-1,-1,-1
5,20,-1,-1,-1
5,21,-1,-1,-1
5,22,-1,-1,-1
5,23,-1,-1,-1
5,24,-1,-1,-1
6,1,1297,1300,[18.14]
6,2,1297,1300,[18.14]
6,3,1297,1300,[18.14]
6,4,1297,1300,[18.14]
6,5,-1,-1,-1
6,6,-1,-1,-1
6,7,-1,-1,-1
6,8,-1,-1,-1
6,9,-1,-1,-1
6,10,-1,-1,-1
6,11,-1,-1,-1
6,12,-1,-1,-1
6,13,-1,-1,-1
6,14,-1,-1,-1
6,15,-1,-1,-1
6,16,-1,-1,-1
6,17,-1,-1,-1
6,18,-1,-1,-1
6,19,-1,-1,-1
6,20,-1,-1,-1
6,21,-1,-1,-1
6,22,-1,-1,-1
6,23,-1,-1,-1
6,24,-1,-1,-1
7,1,-1,-1,-1
7,2,1322,1324,"[11.253, 3.1149999999999998]"
7,3,1322,1324,"[11.253, 3.1149999999999998]"
7,4,1322,1324,"[11.253, 3.1149999999999998]"
7,5,-1,-1,-1
7,6,-1,-1,-1
7,7,-1,-1,-1
7,8,-1,-1,-1
7,9,-1,-1,-1
7,10,-1,-1,-1
7,11,-1,-1,-1
7,12,-1,-1,-1
7,13,-1,-1,-1
7,14,-1,-1,-1
7,15,-1,-1,-1
7,16,-1,-1,-1
7,17,-1,-1,-1
7,18,-1,-1,-1
7,19,-1,-1,-1
7,20,-1,-1,-1
7,21,-1,-1,-1
7,22,-1,-1,-1
7,23,-1,-1,-1
7,24,-1,-1,-1
1,1,1345,1348,"[3.2299999999999995, 45.239999999999995, 6.077]"
1,2,1345,1348,"[3.2299999999999995, 45.239999999999995, 6.077]"
1,3,1345,1348,"[3.2299999999999995, 45.239999999999995, 6.077]"
1,4,1345,1348,"[3.2299999999999995, 45.239999999999995, 6.077]"
1,5,-1,-1,-1
1,6,-1,-1,-1
1,7,-1,-1,-1
1,8,-1,-1,-1
1,9,-1,-1,-1
1,10,-1,-1,-1
1,11,-1,-1,-1
1,12,-1,-1,-1
1,13,-1,-1,-1
1,14,-1,-1,-1
1,15,-1,-1,-1
1,16,-1,-1,-1
1,17,-1,-1,-1
1,18,-1,-1,-1
1,19,-1,-1,-1
1,20,-1,-1,-1
1,21,-1,-1,-1
1,22,-1,-1,-1
1,23,-1,-1,-1
1,24,-1,-1,-1
2,1,1369,1373,"[15.465, 8.346, 3.097, 3.093]"
2,2,1369,1373,"[15.465, 8.346, 3.097, 3.093]"
2,3,1369,1373,"[15.465, 8.346, 3.097, 3.093]"
2,4,1369,1373,"[15.465, 8.346, 3.097, 3.093]"
2,5,1369,1373,"[15.465, 8.346, 3.097, 3.093]"
2,6,-1,-1,-1
2,7,-1,-1,-1
2,8,-1,-1,-1
2,9,-1,-1,-1
2,10,-1,-1,-1
2,11,-1,-1,-1
2,12,-1,-1,-1
2,13,-1,-1,-1
2,14,-1,-1,-1
2,15,-1,-1,-1
2,16,-1,-1,-1
2,17,-1,-1,-1
2,18,-1,-1,-1
2,19,-1,-1,-1
2,20,-1,-1,-1
2,21,-1,-1,-1
2,22,-1,-1,-1
2,23,-1,-1,-1
2,24,-1,-1,-1
3,1,1393,1396,"[21.874000000000002, 7.5280000000000005, 3.097]"
3,2,1393,1396,"[21.874000000000002, 7.5280000000000005, 3.097]"
3,3,1393,1396,"[21.874000000000002, 7.5280000000000005, 3.097]"
3,4,1393,1396,"[21.874000000000002, 7.5280000000000005, 3.097]"
3,5,-1,-1,-1
3,6,-1,-1,-1
3,7,-1,-1,-1
3,8,-1,-1,-1
3,9,-1,-1,-1
3,10,-1,-1,-1
3,11,-1,-1,-1
3,12,-1,-1,-1
3,13,-1,-1,-1
3,14,-1,-1,-1
3,15,-1,-1,-1
3,16,-1,-1,-1
3,17,-1,-1,-1
3,18,-1,-1,-1
3,19,-1,-1,-1
3,20,-1,-1,-1
3,21,-1,-1,-1
3,22,-1,-1,-1
3,23,-1,-1,-1
3,24,-1,-1,-1
4,1,-1,-1,-1
4,2,-1,-1,-1
4,3,-1,-1,-1
4,4,-1,-1,-1
4,5,1421,1424,"[3.088, 3.091, 43.870999999999995]"
4,6,1421,1424,"[3.088, 3.091, 43.870999999999995]"
4,7,1421,1424,"[3.088, 3.091, 43.870999999999995]"
4,8,1421,1424,"[3.088, 3.091, 43.870999999999995]"
4,9,-1,-1,-1
4,10,-1,-1,-1
4,11,-1,-1,-1
4,12,-1,-1,-1
4,13,-1,-1,-1
4,14,-1,-1,-1
4,15,-1,-1,-1
4,16,-1,-1,-1
4,17,-1,-1,-1
4,18,-1,-1,-1
4,19,-1,-1,-1
4,20,-1,-1,-1
4,21,-1,-1,-1
4,22,-1,-1,-1
4,23,-1,-1,-1
4,24,-1,-1,-1
5,1,-1,-1,-1
5,2,-1,-1,-1
5,3,1443,1445,"[4.324, 10.033]"
5,4,1443,1445,"[4.324, 10.033]"
5,5,1443,1445,"[4.324, 10.033]"
5,6,-1,-1,-1
5,7,-1,-1,-1
5,8,-1,-1,-1
5,9,-1,-1,-1
5,10,-1,-1,-1
5,11,-1,-1,-1
5,12,-1,-1,-1
5,13,-1,-1,-1
5,14,-1,-1,-1
5,15,-1,-1,-1
5,16,-1,-1,-1
5,17,-1,-1,-1
5,18,-1,-1,-1
5,19,-1,-1,-1
5,20,-1,-1,-1
5,21,-1,-1,-1
5,22,-1,-1,-1
5,23,-1,-1,-1
5,24,-1,-1,-1
6,1,1465,1466,[3.1149999999999998]
6,2,1465,1466,[3.1149999999999998]
6,3,-1,-1,-1
6,4,-1,-1,-1
6,5,-1,-1,-1
6,6,-1,-1,-1
6,7,-1,-1,-1
6,8,-1,-1,-1
6,9,-1,-1,-1
6,10,-1,-1,-1
6,11,-1,-1,-1
6,12,-1,-1,-1
6,13,-1,-1,-1
6,14,-1,-1,-1
6,15,-1,-1,-1
6,16,-1,-1,-1
6,17,-1,-1,-1
6,18,-1,-1,-1
6,19,-1,-1,-1
6,20,-1,-1,-1
6,21,-1,-1,-1
6,22,-1,-1,-1
6,23,-1,-1,-1
6,24,-1,-1,-1
7,1,1489,1491,"[3.098, 11.318000000000001]"
7,2,1489,1491,"[3.098, 11.318000000000001]"
7,3,1489,1491,"[3.098, 11.318000000000001]"
7,4,-1,-1,-1
7,5,-1,-1,-1
7,6,-1,-1,-1
7,7,-1,-1,-1
7,8,-1,-1,-1
7,9,-1,-1,-1
7,10,-1,-1,-1
7,11,-1,-1,-1
7,12,-1,-1,-1
7,13,-1,-1,-1
7,14,-1,-1,-1
7,15,-1,-1,-1
7,16,-1,-1,-1
7,17,-1,-1,-1
7,18,-1,-1,-1
7,19,-1,-1,-1
7,20,-1,-1,-1
7,21,-1,-1,-1
7,22,-1,-1,-1
7,23,-1,-1,-1
7,24,-1,-1,-1
1,1,1513,1514,[3.091]
1,2,1513,1514,[3.091]
1,3,-1,-1,-1
1,4,-1,-1,-1
1,5,-1,-1,-1
1,6,-1,-1,-1
1,7,-1,-1,-1
1,8,-1,-1,-1
1,9,-1,-1,-1
1,10,-1,-1,-1
1,11,-1,-1,-1
1,12,-1,-1,-1
1,13,-1,-1,-1
1,14,-1,-1,-1
1,15,-1,-1,-1
1,16,-1,-1,-1
1,17,-1,-1,-1
1,18,-1,-1,-1
1,19,-1,-1,-1
1,20,-1,-1,-1
1,21,-1,-1,-1
1,22,-1,-1,-1
1,23,-1,-1,-1
1,24,-1,-1,-1
2,1,-1,-1,-1
2,2,1538,1539,[1.207]
2,3,1538,1539,[1.207]
2,4,-1,-1,-1
2,5,-1,-1,-1
2,6,-1,-1,-1
2,7,-1,-1,-1
2,8,-1,-1,-1
2,9,-1,-1,-1
2,10,-1,-1,-1
2,11,-1,-1,-1
2,12,-1,-1,-1
2,13,-1,-1,-1
2,14,-1,-1,-1
2,15,-1,-1,-1
2,16,-1,-1,-1
2,17,-1,-1,-1
2,18,-1,-1,-1
2,19,-1,-1,-1
2,20,-1,-1,-1
2,21,-1,-1,-1
2,22,-1,-1,-1
2,23,-1,-1,-1
2,24,-1,-1,-1
3,1,1561,1562,[4.487]
3,2,1561,1562,[4.487]
3,3,-1,-1,-1
3,4,-1,-1,-1
3,5,-1,-1,-1
3,6,-1,-1,-1
3,7,-1,-1,-1
3,8,-1,-1,-1
3,9,-1,-1,-1
3,10,-1,-1,-1
3,11,-1,-1,-1
3,12,-1,-1,-1
3,13,-1,-1,-1
3,14,-1,-1,-1
3,15,-1,-1,-1
3,16,-1,-1,-1
3,17,-1,-1,-1
3,18,-1,-1,-1
3,19,-1,-1,-1
3,20,-1,-1,-1
3,21,-1,-1,-1
3,22,-1,-1,-1
3,23,-1,-1,-1
3,24,-1,-1,-1
4,1,1585,1586,[21.079]
4,2,1585,1586,[21.079]
4,3,-1,-1,-1
4,4,-1,-1,-1
4,5,-1,-1,-1
4,6,-1,-1,-1
4,7,-1,-1,-1
4,8,-1,-1,-1
4,9,-1,-1,-1
4,10,-1,-1,-1
4,11,-1,-1,-1
4,12,-1,-1,-1
4,13,-1,-1,-1
4,14,-1,-1,-1
4,15,-1,-1,-1
4,16,-1,-1,-1
4,17,-1,-1,-1
4,18,-1,-1,-1
4,19,-1,-1,-1
4,20,-1,-1,-1
4,21,-1,-1,-1
4,22,-1,-1,-1
4,23,-1,-1,-1
4,24,-1,-1,-1
5,1,-1,-1,-1
5,2,-1,-1,-1
5,3,1611,1615,"[11.522, 11.55, 1.2109999999999999, 14.757]"
5,4,1611,1615,"[11.522, 11.55, 1.2109999999999999, 14.757]"
5,5,1611,1615,"[11.522, 11.55, 1.2109999999999999, 14.757]"
5,6,1611,1615,"[11.522, 11.55, 1.2109999999999999, 14.757]"
5,7,1611,1615,"[11.522, 11.55, 1.2109999999999999, 14.757]"
5,8,-1,-1,-1
5,9,-1,-1,-1
5,10,-1,-1,-1
5,11,-1,-1,-1
5,12,-1,-1,-1
5,13,-1,-1,-1
5,14,-1,-1,-1
5,15,-1,-1,-1
5,16,-1,-1,-1
5,17,-1,-1,-1
5,18,-1,-1,-1
5,19,-1,-1,-1
5,20,-1,-1,-1
5,21,-1,-1,-1
5,22,-1,-1,-1
5,23,-1,-1,-1
5,24,-1,-1,-1
6,1,1633,1634,[1.1800000000000002]
6,2,1633,1634,[1.1800000000000002]
6,3,-1,-1,-1
6,4,-1,-1,-1
6,5,-1,-1,-1
6,6,-1,-1,-1
6,7,-1,-1,-1
6,8,-1,-1,-1
6,9,-1,-1,-1
6,10,-1,-1,-1
6,11,-1,-1,-1
6,12,-1,-1,-1
6,13,-1,-1,-1
6,14,-1,-1,-1
6,15,-1,-1,-1
6,16,-1,-1,-1
6,17,-1,-1,-1
6,18,-1,-1,-1
6,19,-1,-1,-1
6,20,-1,-1,-1
6,21,-1,-1,-1
6,22,-1,-1,-1
6,23,-1,-1,-1
6,24,-1,-1,-1
7,1,-1,-1,-1
7,2,-1,-1,-1
7,3,1659,1660,[3.092]
7,4,1659,1660,[3.092]
7,5,-1,-1,-1
7,6,-1,-1,-1
7,7,-1,-1,-1
7,8,-1,-1,-1
7,9,-1,-1,-1
7,10,-1,-1,-1
7,11,-1,-1,-1
7,12,-1,-1,-1
7,13,-1,-1,-1
7,14,-1,-1,-1
7,15,-1,-1,-1
7,16,-1,-1,-1
7,17,-1,-1,-1
7,18,-1,-1,-1
7,19,-1,-1,-1
7,20,-1,-1,-1
7,21,-1,-1,-1
7,22,-1,-1,-1
7,23,-1,-1,-1
7,24,-1,-1,-1
1,1,1681,1685,[4.971]
1,2,1681,1685,[4.971]
1,3,1681,1685,[4.971]
1,4,1681,1685,[4.971]
1,5,1681,1685,[4.971]
1,6,-1,-1,-1
1,7,-1,-1,-1
1,8,-1,-1,-1
1,9,-1,-1,-1
1,10,-1,-1,-1
1,11,-1,-1,-1
1,12,-1,-1,-1
1,13,-1,-1,-1
1,14,-1,-1,-1
1,15,-1,-1,-1
1,16,-1,-1,-1
1,17,-1,-1,-1
1,18,-1,-1,-1
1,19,-1,-1,-1
1,20,-1,-1,-1
1,21,-1,-1,-1
1,22,-1,-1,-1
1,23,-1,-1,-1
1,24,-1,-1,-1
2,1,1705,1707,"[3.211, 11.257]"
2,2,1705,1707,"[3.211, 11.257]"
2,3,1705,1707,"[3.211, 11.257]"
2,4,-1,-1,-1
2,5,-1,-1,-1
2,6,-1,-1,-1
2,7,-1,-1,-1
2,8,-1,-1,-1
2,9,-1,-1,-1
2,10,-1,-1,-1
2,11,-1,-1,-1
2,12,-1,-1,-1
2,13,-1,-1,-1
2,14,-1,-1,-1
2,15,-1,-1,-1
2,16,-1,-1,-1
2,17,-1,-1,-1
2,18,-1,-1,-1
2,19,-1,-1,-1
2,20,-1,-1,-1
2,21,-1,-1,-1
2,22,-1,-1,-1
2,23,-1,-1,-1
2,24,-1,-1,-1
3,1,1729,1730,[6.167]
3,2,1729,1730,[6.167]
3,3,-1,-1,-1
3,4,-1,-1,-1
3,5,-1,-1,-1
3,6,-1,-1,-1
3,7,-1,-1,-1
3,8,-1,-1,-1
3,9,-1,-1,-1
3,10,-1,-1,-1
3,11,-1,-1,-1
3,12,-1,-1,-1
3,13,-1,-1,-1
3,14,-1,-1,-1
3,15,-1,-1,-1
3,16,-1,-1,-1
3,17,-1,-1,-1
3,18,-1,-1,-1
3,19,-1,-1,-1
3,20,-1,-1,-1
3,21,-1,-1,-1
3,22,-1,-1,-1
3,23,-1,-1,-1
3,24,-1,-1,-1
4,1,1753,1756,"[3.085, 13.65]"
4,2,1753,1756,"[3.085, 13.65]"
4,3,1753,1756,"[3.085, 13.65]"
4,4,1753,1756,"[3.085, 13.65]"
4,5,-1,-1,-1
4,6,-1,-1,-1
4,7,-1,-1,-1
4,8,-1,-1,-1
4,9,-1,-1,-1
4,10,-1,-1,-1
4,11,-1,-1,-1
4,12,-1,-1,-1
4,13,-1,-1,-1
4,14,-1,-1,-1
4,15,-1,-1,-1
4,16,-1,-1,-1
4,17,-1,-1,-1
4,18,-1,-1,-1
4,19,-1,-1,-1
4,20,-1,-1,-1
4,21,-1,-1,-1
4,22,-1,-1,-1
4,23,-1,-1,-1
4,24,-1,-1,-1
5,1,-1,-1,-1
5,2,1778,1780,[22.044999999999998]
5,3,1778,1780,[22.044999999999998]
5,4,1778,1780,[22.044999999999998]
5,5,-1,-1,-1
5,6,-1,-1,-1
5,7,-1,-1,-1
5,8,-1,-1,-1
5,9,-1,-1,-1
5,10,-1,-1,-1
5,11,-1,-1,-1
5,12,-1,-1,-1
5,13,-1,-1,-1
5,14,-1,-1,-1
5,15,-1,-1,-1
5,16,-1,-1,-1
5,17,-1,-1,-1
5,18,-1,-1,-1
5,19,-1,-1,-1
5,20,-1,-1,-1
5,21,-1,-1,-1
5,22,-1,-1,-1
5,23,-1,-1,-1
5,24,-1,-1,-1
6,1,1801,1804,"[11.431999999999999, 11.479000000000001]"
6,2,1801,1804,"[11.431999999999999, 11.479000000000001]"
6,3,1801,1804,"[11.431999999999999, 11.479000000000001]"
6,4,1801,1804,"[11.431999999999999, 11.479000000000001]"
6,5,-1,-1,-1
6,6,-1,-1,-1
6,7,-1,-1,-1
6,8,-1,-1,-1
6,9,-1,-1,-1
6,10,-1,-1,-1
6,11,-1,-1,-1
6,12,-1,-1,-1
6,13,-1,-1,-1
6,14,-1,-1,-1
6,15,-1,-1,-1
6,16,-1,-1,-1
6,17,-1,-1,-1
6,18,-1,-1,-1
6,19,-1,-1,-1
6,20,-1,-1,-1
6,21,-1,-1,-1
6,22,-1,-1,-1
6,23,-1,-1,-1
6,24,-1,-1,-1
7,1,1825,1828,"[8.203, 1.2109999999999999, 1.212]"
7,2,1825,1828,"[8.203, 1.2109999999999999, 1.212]"
7,3,1825,1828,"[8.203, 1.2109999999999999, 1.212]"
7,4,1825,1828,"[8.203, 1.2109999999999999, 1.212]"
7,5,-1,-1,-1
7,6,-1,-1,-1
7,7,-1,-1,-1
7,8,-1,-1,-1
7,9,-1,-1,-1
7,10,-1,-1,-1
7,11,-1,-1,-1
7,12,-1,-1,-1
7,13,-1,-1,-1
7,14,-1,-1,-1
7,15,-1,-1,-1
7,16,-1,-1,-1
7,17,-1,-1,-1
7,18,-1,-1,-1
7,19,-1,-1,-1
7,20,-1,-1,-1
7,21,-1,-1,-1
7,22,-1,-1,-1
7,23,-1,-1,-1
7,24,-1,-1,-1
1,1,1849,1853,"[24.418, 1.212, 13.655000000000001, 14.546000000000001]"
1,2,1849,1853,"[24.418, 1.212, 13.655000000000001, 14.546000000000001]"
1,3,1849,1853,"[24.418, 1.212, 13.655000000000001, 14.546000000000001]"
1,4,1849,1853,"[24.418, 1.212, 13.655000000000001, 14.546000000000001]"
1,5,1849,1853,"[24.418, 1.212, 13.655000000000001, 14.546000000000001]"
1,6,-1,-1,-1
1,7,-1,-1,-1
1,8,-1,-1,-1
1,9,-1,-1,-1
1,10,-1,-1,-1
1,11,-1,-1,-1
1,12,-1,-1,-1
1,13,-1,-1,-1
1,14,-1,-1,-1
1,15,-1,-1,-1
1,16,-1,-1,-1
1,17,-1,-1,-1
1,18,-1,-1,-1
1,19,-1,-1,-1
1,20,-1,-1,-1
1,21,-1,-1,-1
1,22,-1,-1,-1
1,23,-1,-1,-1
1,24,-1,-1,-1
2,1,1873,1875,"[1.21, 4.385]"
2,2,1873,1875,"[1.21, 4.385]"
2,3,1873,1875,"[1.21, 4.385]"
2,4,-1,-1,-1
2,5,-1,-1,-1
2,6,-1,-1,-1
2,7,-1,-1,-1
2,8,-1,-1,-1
2,9,-1,-1,-1
2,10,-1,-1,-1
2,11,-1,-1,-1
2,12,-1,-1,-1
2,13,-1,-1,-1
2,14,-1,-1,-1
2,15,-1,-1,-1
2,16,-1,-1,-1
2,17,-1,-1,-1
2,18,-1,-1,-1
2,19,-1,-1,-1
2,20,-1,-1,-1
2,21,-1,-1,-1
2,22,-1,-1,-1
2,23,-1,-1,-1
2,24,-1,-1,-1
3,1,-1,-1,-1
3,2,-1,-1,-1
3,3,1899,1901,"[3.039, 23.54]"
3,4,1899,1901,"[3.039, 23.54]"
3,5,1899,1901,"[3.039, 23.54]"
3,6,-1,-1,-1
3,7,-1,-1,-1
3,8,-1,-1,-1
3,9,-1,-1,-1
3,10,-1,-1,-1
3,11,-1,-1,-1
3,12,-1,-1,-1
3,13,-1,-1,-1
3,14,-1,-1,-1
3,15,-1,-1,-1
3,16,-1,-1,-1
3,17,-1,-1,-1
3,18,-1,-1,-1
3,19,-1,-1,-1
3,20,-1,-1,-1
3,21,-1,-1,-1
3,22,-1,-1,-1
3,23,-1,-1,-1
3,24,-1,-1,-1
4,1,1921,1925,"[3.118, 12.041]"
4,2,1921,1925,"[3.118, 12.041]"
4,3,1921,1925,"[3.118, 12.041]"
4,4,1921,1925,"[3.118, 12.041]"
4,5,1921,1925,"[3.118, 12.041]"
4,6,-1,-1,-1
4,7,-1,-1,-1
4,8,-1,-1,-1
4,9,-1,-1,-1
4,10,-1,-1,-1
4,11,-1,-1,-1
4,12,-1,-1,-1
4,13,-1,-1,-1
4,14,-1,-1,-1
4,15,-1,-1,-1
4,16,-1,-1,-1
4,17,-1,-1,-1
4,18,-1,-1,-1
4,19,-1,-1,-1
4,20,-1,-1,-1
4,21,-1,-1,-1
4,22,-1,-1,-1
4,23,-1,-1,-1
4,24,-1,-1,-1
5,1,-1,-1,-1
5,2,-1,-1,-1
5,3,-1,-1,-1
5,4,-1,-1,-1
5,5,1949,1950,[3.117]
5,6,1949,1950,[3.117]
5,7,-1,-1,-1
5,8,-1,-1,-1
5,9,-1,-1,-1
5,10,-1,-1,-1
5,11,-1,-1,-1
5,12,-1,-1,-1
5,13,-1,-1,-1
5,14,-1,-1,-1
5,15,-1,-1,-1
5,16,-1,-1,-1
5,17,-1,-1,-1
5,18,-1,-1,-1
5,19,-1,-1,-1
5,20,-1,-1,-1
5,21,-1,-1,-1
5,22,-1,-1,-1
5,23,-1,-1,-1
5,24,-1,-1,-1
6,1,1969,1972,"[8.362, 3.113]"
6,2,1969,1972,"[8.362, 3.113]"
6,3,1969,1972,"[8.362, 3.113]"
6,4,1969,1972,"[8.362, 3.113]"
6,5,-1,-1,-1
6,6,-1,-1,-1
6,7,-1,-1,-1
6,8,-1,-1,-1
6,9,-1,-1,-1
6,10,-1,-1,-1
6,11,-1,-1,-1
6,12,-1,-1,-1
6,13,-1,-1,-1
6,14,-1,-1,-1
6,15,-1,-1,-1
6,16,-1,-1,-1
6,17,-1,-1,-1
6,18,-1,-1,-1
6,19,-1,-1,-1
6,20,-1,-1,-1
6,21,-1,-1,-1
6,22,-1,-1,-1
6,23,-1,-1,-1
6,24,-1,-1,-1
7,1,1993,1997,"[3.09, 5.133, 17.631]"
7,2,1993,1997,"[3.09, 5.133, 17.631]"
7,3,1993,1997,"[3.09, 5.133, 17.631]"
7,4,1993,1997,"[3.09, 5.133, 17.631]"
7,5,1993,1997,"[3.09, 5.133, 17.631]"
7,6,-1,-1,-1
7,7,-1,-1,-1
7,8,-1,-1,-1
7,9,-1,-1,-1
7,10,-1,-1,-1
7,11,-1,-1,-1
7,12,-1,-1,-1
7,13,-1,-1,-1
7,14,-1,-1,-1
7,15,-1,-1,-1
7,16,-1,-1,-1
7,17,-1,-1,-1
7,18,-1,-1,-1
7,19,-1,-1,-1
7,20,-1,-1,-1
7,21,-1,-1,-1
7,22,-1,-1,-1
7,23,-1,-1,-1
7,24,-1,-1,-1
1,1,-1,-1,-1
1,2,-1,-1,-1
1,3,-1,-1,-1
1,4,2020,2022,"[3.088, 10.17]"
1,5,2020,2022,"[3.088, 10.17]"
1,6,2020,2022,"[3.088, 10.17]"
1,7,-1,-1,-1
1,8,-1,-1,-1
1,9,-1,-1,-1
1,10,-1,-1,-1
1,11,-1,-1,-1
1,12,-1,-1,-1
1,13,-1,-1,-1
1,14,-1,-1,-1
1,15,-1,-1,-1
1,16,-1,-1,-1
1,17,-1,-1,-1
1,18,-1,-1,-1
1,19,-1,-1,-1
1,20,-1,-1,-1
1,21,-1,-1,-1
1,22,-1,-1,-1
1,23,-1,-1,-1
1,24,-1,-1,-1
2,1,-1,-1,-1
2,2,2042,2046,"[3.097, 11.081]"
2,3,2042,2046,"[3.097, 11.081]"
2,4,2042,2046,"[3.097, 11.081]"
2,5,2042,2046,"[3.097, 11.081]"
2,6,2042,2046,"[3.097, 11.081]"
2,7,-1,-1,-1
2,8,-1,-1,-1
2,9,-1,-1,-1
2,10,-1,-1,-1
2,11,-1,-1,-1
2,12,-1,-1,-1
2,13,-1,-1,-1
2,14,-1,-1,-1
2,15,-1,-1,-1
2,16,-1,-1,-1
2,17,-1,-1,-1
2,18,-1,-1,-1
2,19,-1,-1,-1
2,20,-1,-1,-1
2,21,-1,-1,-1
2,22,-1,-1,-1
2,23,-1,-1,-1
2,24,-1,-1,-1
3,1,2065,2069,"[3.088, 3.096, 43.88, 11.18]"
3,2,2065,2069,"[3.088, 3.096, 43.88, 11.18]"
3,3,2065,2069,"[3.088, 3.096, 43.88, 11.18]"
3,4,2065,2069,"[3.088, 3.096, 43.88, 11.18]"
3,5,2065,2069,"[3.088, 3.096, 43.88, 11.18]"
3,6,-1,-1,-1
3,7,-1,-1,-1
3,8,-1,-1,-1
3,9,-1,-1,-1
3,10,-1,-1,-1
3,11,-1,-1,-1
3,12,-1,-1,-1
3,13,-1,-1,-1
3,14,-1,-1,-1
3,15,-1,-1,-1
3,16,-1,-1,-1
3,17,-1,-1,-1
3,18,-1,-1,-1
3,19,-1,-1,-1
3,20,-1,-1,-1
3,21,-1,-1,-1
3,22,-1,-1,-1
3,23,-1,-1,-1
3,24,-1,-1,-1
4,1,2089,2090,[3.093]
4,2,2089,2090,[3.093]
4,3,-1,-1,-1
4,4,-1,-1,-1
4,5,-1,-1,-1
4,6,-1,-1,-1
4,7,-1,-1,-1
4,8,-1,-1,-1
4,9,-1,-1,-1
4,10,-1,-1,-1
4,11,-1,-1,-1
4,12,-1,-1,-1
4,13,-1,-1,-1
4,14,-1,-1,-1
4,15,-1,-1,-1
4,16,-1,-1,-1
4,17,-1,-1,-1
4,18,-1,-1,-1
4,19,-1,-1,-1
4,20,-1,-1,-1
4,21,-1,-1,-1
4,22,-1,-1,-1
4,23,-1,-1,-1
4,24,-1,-1,-1
5,1,-1,-1,-1
5,2,-1,-1,-1
5,3,2115,2116,[3.345]
5,4,2115,2116,[3.345]
5,5,-1,-1,-1
5,6,-1,-1,-1
5,7,-1,-1,-1
5,8,-1,-1,-1
5,9,-1,-1,-1
5,10,-1,-1,-1
5,11,-1,-1,-1
5,12,-1,-1,-1
5,13,-1,-1,-1
5,14,-1,-1,-1
5,15,-1,-1,-1
5,16,-1,-1,-1
5,17,-1,-1,-1
5,18,-1,-1,-1
5,19,-1,-1,-1
5,20,-1,-1,-1
5,21,-1,-1,-1
5,22,-1,-1,-1
5,23,-1,-1,-1
5,24,-1,-1,-1
6,1,2137,2141,"[3.1109999999999998, 10.782, 11.054]"
6,2,2137,2141,"[3.1109999999999998, 10.782, 11.054]"
6,3,2137,2141,"[3.1109999999999998, 10.782, 11.054]"
6,4,2137,2141,"[3.1109999999999998, 10.782, 11.054]"
6,5,2137,2141,"[3.1109999999999998, 10.782, 11.054]"
6,6,-1,-1,-1
6,7,-1,-1,-1
6,8,-1,-1,-1
6,9,-1,-1,-1
6,10,-1,-1,-1
6,11,-1,-1,-1
6,12,-1,-1,-1
6,13,-1,-1,-1
6,14,-1,-1,-1
6,15,-1,-1,-1
6,16,-1,-1,-1
6,17,-1,-1,-1
6,18,-1,-1,-1
6,19,-1,-1,-1
6,20,-1,-1,-1
6,21,-1,-1,-1
6,22,-1,-1,-1
6,23,-1,-1,-1
6,24,-1,-1,-1
7,1,2161,2162,[4.703]
7,2,2161,2162,[4.703]
7,3,-1,-1,-1
7,4,-1,-1,-1
7,5,-1,-1,-1
7,6,-1,-1,-1
7,7,-1,-1,-1
7,8,-1,-1,-1
7,9,-1,-1,-1
7,10,-1,-1,-1
7,11,-1,-1,-1
7,12,-1,-1,-1
7,13,-1,-1,-1
7,14,-1,-1,-1
7,15,-1,-1,-1
7,16,-1,-1,-1
7,17,-1,-1,-1
7,18,-1,-1,-1
7,19,-1,-1,-1
7,20,-1,-1,-1
7,21,-1,-1,-1
7,22,-1,-1,-1
7,23,-1,-1,-1
7,24,-1,-1,-1
1,1,2185,2188,[3.118]
1,2,2185,2188,[3.118]
1,3,2185,2188,[3.118]
1,4,2185,2188,[3.118]
1,5,-1,-1,-1
1,6,-1,-1,-1
1,7,-1,-1,-1
1,8,-1,-1,-1
1,9,-1,-1,-1
1,10,-1,-1,-1
1,11,-1,-1,-1
1,12,-1,-1,-1
1,13,-1,-1,-1
1,14,-1,-1,-1
1,15,-1,-1,-1
1,16,-1,-1,-1
1,17,-1,-1,-1
1,18,-1,-1,-1
1,19,-1,-1,-1
1,20,-1,-1,-1
1,21,-1,-1,-1
1,22,-1,-1,-1
1,23,-1,-1,-1
1,24,-1,-1,-1
2,1,2209,2213,"[43.547000000000004, 18.515, 22.631, 3.092]"
2,2,2209,2213,"[43.547000000000004, 18.515, 22.631, 3.092]"
2,3,2209,2213,"[43.547000000000004, 18.515, 22.631, 3.092]"
2,4,2209,2213,"[43.547000000000004, 18.515, 22.631, 3.092]"
2,5,2209,2213,"[43.547000000000004, 18.515, 22.631, 3.092]"
2,6,-1,-1,-1
2,7,-1,-1,-1
2,8,-1,-1,-1
2,9,-1,-1,-1
2,10,-1,-1,-1
2,11,-1,-1,-1
2,12,-1,-1,-1
2,13,-1,-1,-1
2,14,-1,-1,-1
2,15,-1,-1,-1
2,16,-1,-1,-1
2,17,-1,-1,-1
2,18,-1,-1,-1
2,19,-1,-1,-1
2,20,-1,-1,-1
2,21,-1,-1,-1
2,22,-1,-1,-1
2,23,-1,-1,-1
2,24,-1,-1,-1
3,1,2233,2236,[9.537]
3,2,2233,2236,[9.537]
3,3,2233,2236,[9.537]
3,4,2233,2236,[9.537]
3,5,-1,-1,-1
3,6,-1,-1,-1
3,7,-1,-1,-1
3,8,-1,-1,-1
3,9,-1,-1,-1
3,10,-1,-1,-1
3,11,-1,-1,-1
3,12,-1,-1,-1
3,13,-1,-1,-1
3,14,-1,-1,-1
3,15,-1,-1,-1
3,16,-1,-1,-1
3,17,-1,-1,-1
3,18,-1,-1,-1
3,19,-1,-1,-1
3,20,-1,-1,-1
3,21,-1,-1,-1
3,22,-1,-1,-1
3,23,-1,-1,-1
3,24,-1,-1,-1
4,1,2257,2259,[12.041]
4,2,2257,2259,[12.041]
4,3,2257,2259,[12.041]
4,4,-1,-1,-1
4,5,-1,-1,-1
4,6,-1,-1,-1
4,7,-1,-1,-1
4,8,-1,-1,-1
4,9,-1,-1,-1
4,10,-1,-1,-1
4,11,-1,-1,-1
4,12,-1,-1,-1
4,13,-1,-1,-1
4,14,-1,-1,-1
4,15,-1,-1,-1
4,16,-1,-1,-1
4,17,-1,-1,-1
4,18,-1,-1,-1
4,19,-1,-1,-1
4,20,-1,-1,-1
4,21,-1,-1,-1
4,22,-1,-1,-1
4,23,-1,-1,-1
4,24,-1,-1,-1
5,1,2281,2284,"[1.2109999999999999, 44.279]"
5,2,2281,2284,"[1.2109999999999999, 44.279]"
5,3,2281,2284,"[1.2109999999999999, 44.279]"
5,4,2281,2284,"[1.2109999999999999, 44.279]"
5,5,-1,-1,-1
5,6,-1,-1,-1
5,7,-1,-1,-1
5,8,-1,-1,-1
5,9,-1,-1,-1
5,10,-1,-1,-1
5,11,-1,-1,-1
5,12,-1,-1,-1
5,13,-1,-1,-1
5,14,-1,-1,-1
5,15,-1,-1,-1
5,16,-1,-1,-1
5,17,-1,-1,-1
5,18,-1,-1,-1
5,19,-1,-1,-1
5,20,-1,-1,-1
5,21,-1,-1,-1
5,22,-1,-1,-1
5,23,-1,-1,-1
5,24,-1,-1,-1
6,1,2305,2306,[3.0940000000000003]
6,2,2305,2306,[3.0940000000000003]
6,3,-1,-1,-1
6,4,-1,-1,-1
6,5,-1,-1,-1
6,6,-1,-1,-1
6,7,-1,-1,-1
6,8,-1,-1,-1
6,9,-1,-1,-1
6,10,-1,-1,-1
6,11,-1,-1,-1
6,12,-1,-1,-1
6,13,-1,-1,-1
6,14,-1,-1,-1
6,15,-1,-1,-1
6,16,-1,-1,-1
6,17,-1,-1,-1
6,18,-1,-1,-1
6,19,-1,-1,-1
6,20,-1,-1,-1
6,21,-1,-1,-1
6,22,-1,-1,-1
6,23,-1,-1,-1
6,24,-1,-1,-1
7,1,-1,-1,-1
7,2,2330,2333,"[3.096, 44.212, 3.117]"
7,3,2330,2333,"[3.096, 44.212, 3.117]"
7,4,2330,2333,"[3.096, 44.212, 3.117]"
7,5,2330,2333,"[3.096, 44.212, 3.117]"
7,6,-1,-1,-1
7,7,-1,-1,-1
7,8,-1,-1,-1
7,9,-1,-1,-1
7,10,-1,-1,-1
7,11,-1,-1,-1
7,12,-1,-1,-1
7,13,-1,-1,-1
7,14,-1,-1,-1
7,15,-1,-1,-1
7,16,-1,-1,-1
7,17,-1,-1,-1
7,18,-1,-1,-1
7,19,-1,-1,-1
7,20,-1,-1,-1
7,21,-1,-1,-1
7,22,-1,-1,-1
7,23,-1,-1,-1
7,24,-1,-1,-1
1,1,2353,2356,"[3.507, 11.690000000000001, 1.2109999999999999]"
1,2,2353,2356,"[3.507, 11.690000000000001, 1.2109999999999999]"
1,3,2353,2356,"[3.507, 11.690000000000001, 1.2109999999999999]"
1,4,2353,2356,"[3.507, 11.690000000000001, 1.2109999999999999]"
1,5,-1,-1,-1
1,6,-1,-1,-1
1,7,-1,-1,-1
1,8,-1,-1,-1
1,9,-1,-1,-1
1,10,-1,-1,-1
1,11,-1,-1,-1
1,12,-1,-1,-1
1,13,-1,-1,-1
1,14,-1,-1,-1
1,15,-1,-1,-1
1,16,-1,-1,-1
1,17,-1,-1,-1
1,18,-1,-1,-1
1,19,-1,-1,-1
1,20,-1,-1,-1
1,21,-1,-1,-1
1,22,-1,-1,-1
1,23,-1,-1,-1
1,24,-1,-1,-1
2,1,2377,2380,[3.1420000000000003]
2,2,2377,2380,[3.1420000000000003]
2,3,2377,2380,[3.1420000000000003]
2,4,2377,2380,[3.1420000000000003]
2,5,-1,-1,-1
2,6,-1,-1,-1
2,7,-1,-1,-1
2,8,-1,-1,-1
2,9,-1,-1,-1
2,10,-1,-1,-1
2,11,-1,-1,-1
2,12,-1,-1,-1
2,13,-1,-1,-1
2,14,-1,-1,-1
2,15,-1,-1,-1
2,16,-1,-1,-1
2,17,-1,-1,-1
2,18,-1,-1,-1
2,19,-1,-1,-1
2,20,-1,-1,-1
2,21,-1,-1,-1
2,22,-1,-1,-1
2,23,-1,-1,-1
2,24,-1,-1,-1
3,1,2401,2405,"[3.096, 8.479000000000001, 3.068]"
3,2,2401,2405,"[3.096, 8.479000000000001, 3.068]"
3,3,2401,2405,"[3.096, 8.479000000000001, 3.068]"
3,4,2401,2405,"[3.096, 8.479000000000001, 3.068]"
3,5,2401,2405,"[3.096, 8.479000000000001, 3.068]"
3,6,-1,-1,-1
3,7,-1,-1,-1
3,8,-1,-1,-1
3,9,-1,-1,-1
3,10,-1,-1,-1
3,11,-1,-1,-1
3,12,-1,-1,-1
3,13,-1,-1,-1
3,14,-1,-1,-1
3,15,-1,-1,-1
3,16,-1,-1,-1
3,17,-1,-1,-1
3,18,-1,-1,-1
3,19,-1,-1,-1
3,20,-1,-1,-1
3,21,-1,-1,-1
3,22,-1,-1,-1
3,23,-1,-1,-1
3,24,-1,-1,-1
4,1,2425,2427,"[11.308, 3.091]"
4,2,2425,2427,"[11.308, 3.091]"
4,3,2425,2427,"[11.308, 3.091]"
4,4,-1,-1,-1
4,5,-1,-1,-1
4,6,-1,-1,-1
4,7,-1,-1,-1
4,8,-1,-1,-1
4,9,-1,-1,-1
4,10,-1,-1,-1
4,11,-1,-1,-1
4,12,-1,-1,-1
4,13,-1,-1,-1
4,14,-1,-1,-1
4,15,-1,-1,-1
4,16,-1,-1,-1
4,17,-1,-1,-1
4,18,-1,-1,-1
4,19,-1,-1,-1
4,20,-1,-1,-1
4,21,-1,-1,-1
4,22,-1,-1,-1
4,23,-1,-1,-1
4,24,-1,-1,-1
5,1,2449,2452,"[11.08, 22.044999999999998]"
5,2,2449,2452,"[11.08, 22.044999999999998]"
5,3,2449,2452,"[11.08, 22.044999999999998]"
5,4,2449,2452,"[11.08, 22.044999999999998]"
5,5,-1,-1,-1
5,6,-1,-1,-1
5,7,-1,-1,-1
5,8,-1,-1,-1
5,9,-1,-1,-1
5,10,-1,-1,-1
5,11,-1,-1,-1
5,12,-1,-1,-1
5,13,-1,-1,-1
5,14,-1,-1,-1
5,15,-1,-1,-1
5,16,-1,-1,-1
5,17,-1,-1,-1
5,18,-1,-1,-1
5,19,-1,-1,-1
5,20,-1,-1,-1
5,21,-1,-1,-1
5,22,-1,-1,-1
5,23,-1,-1,-1
5,24,-1,-1,-1
6,1,2473,2474,[17.044999999999998]
6,2,2473,2474,[17.044999999999998]
6,3,-1,-1,-1
6,4,-1,-1,-1
6,5,-1,-1,-1
6,6,-1,-1,-1
6,7,-1,-1,-1
6,8,-1,-1,-1
6,9,-1,-1,-1
6,10,-1,-1,-1
6,11,-1,-1,-1
6,12,-1,-1,-1
6,13,-1,-1,-1
6,14,-1,-1,-1
6,15,-1,-1,-1
6,16,-1,-1,-1
6,17,-1,-1,-1
6,18,-1,-1,-1
6,19,-1,-1,-1
6,20,-1,-1,-1
6,21,-1,-1,-1
6,22,-1,-1,-1
6,23,-1,-1,-1
6,24,-1,-1,-1
7,1,2497,2500,[3.118]
7,2,2497,2500,[3.118]
7,3,2497,2500,[3.118]
7,4,2497,2500,[3.118]
7,5,-1,-1,-1
7,6,-1,-1,-1
7,7,-1,-1,-1
7,8,-1,-1,-1
7,9,-1,-1,-1
7,10,-1,-1,-1
7,11,-1,-1,-1
7,12,-1,-1,-1
7,13,-1,-1,-1
7,14,-1,-1,-1
7,15,-1,-1,-1
7,16,-1,-1,-1
7,17,-1,-1,-1
7,18,-1,-1,-1
7,19,-1,-1,-1
7,20,-1,-1,-1
7,21,-1,-1,-1
7,22,-1,-1,-1
7,23,-1,-1,-1
7,24,-1,-1,-1
1,1,2521,2525,[3.0940000000000003]
1,2,2521,2525,[3.0940000000000003]
1,3,2521,2525,[3.0940000000000003]
1,4,2521,2525,[3.0940000000000003]
1,5,2521,2525,[3.0940000000000003]
1,6,-1,-1,-1
1,7,-1,-1,-1
1,8,-1,-1,-1
1,9,-1,-1,-1
1,10,-1,-1,-1
1,11,-1,-1,-1
1,12,-1,-1,-1
1,13,-1,-1,-1
1,14,-1,-1,-1
1,15,-1,-1,-1
1,16,-1,-1,-1
1,17,-1,-1,-1
1,18,-1,-1,-1
1,19,-1,-1,-1
1,20,-1,-1,-1
1,21,-1,-1,-1
1,22,-1,-1,-1
1,23,-1,-1,-1
1,24,-1,-1,-1
2,1,-1,-1,-1
2,2,2546,2550,"[19.538, 3.068, 35.064]"
2,3,2546,2550,"[19.538, 3.068, 35.064]"
2,4,2546,2550,"[19.538, 3.068, 35.064]"
2,5,2546,2550,"[19.538, 3.068, 35.064]"
2,6,2546,2550,"[19.538, 3.068, 35.064]"
2,7,-1,-1,-1
2,8,-1,-1,-1
2,9,-1,-1,-1
2,10,-1,-1,-1
2,11,-1,-1,-1
2,12,-1,-1,-1
2,13,-1,-1,-1
2,14,-1,-1,-1
2,15,-1,-1,-1
2,16,-1,-1,-1
2,17,-1,-1,-1
2,18,-1,-1,-1
2,19,-1,-1,-1
2,20,-1,-1,-1
2,21,-1,-1,-1
2,22,-1,-1,-1
2,23,-1,-1,-1
2,24,-1,-1,-1
3,1,2569,2570,[3.0949999999999998]
3,2,2569,2570,[3.0949999999999998]
3,3,-1,-1,-1
3,4,-1,-1,-1
3,5,-1,-1,-1
3,6,-1,-1,-1
3,7,-1,-1,-1
3,8,-1,-1,-1
3,9,-1,-1,-1
3,10,-1,-1,-1
3,11,-1,-1,-1
3,12,-1,-1,-1
3,13,-1,-1,-1
3,14,-1,-1,-1
3,15,-1,-1,-1
3,16,-1,-1,-1
3,17,-1,-1,-1
3,18,-1,-1,-1
3,19,-1,-1,-1
3,20,-1,-1,-1
3,21,-1,-1,-1
3,22,-1,-1,-1
3,23,-1,-1,-1
3,24,-1,-1,-1
4,1,2593,2594,[44.516000000000005]
4,2,2593,2594,[44.516000000000005]
4,3,-1,-1,-1
4,4,-1,-1,-1
4,5,-1,-1,-1
4,6,-1,-1,-1
4,7,-1,-1,-1
4,8,-1,-1,-1
4,9,-1,-1,-1
4,10,-1,-1,-1
4,11,-1,-1,-1
4,12,-1,-1,-1
4,13,-1,-1,-1
4,14,-1,-1,-1
4,15,-1,-1,-1
4,16,-1,-1,-1
4,17,-1,-1,-1
4,18,-1,-1,-1
4,19,-1,-1,-1
4,20,-1,-1,-1
4,21,-1,-1,-1
4,22,-1,-1,-1
4,23,-1,-1,-1
4,24,-1,-1,-1
5,1,2617,2619,"[1.206, 1.207]"
5,2,2617,2619,"[1.206, 1.207]"
5,3,2617,2619,"[1.206, 1.207]"
5,4,-1,-1,-1
5,5,-1,-1,-1
5,6,-1,-1,-1
5,7,-1,-1,-1
5,8,-1,-1,-1
5,9,-1,-1,-1
5,10,-1,-1,-1
5,11,-1,-1,-1
5,12,-1,-1,-1
5,13,-1,-1,-1
5,14,-1,-1,-1
5,15,-1,-1,-1
5,16,-1,-1,-1
5,17,-1,-1,-1
5,18,-1,-1,-1
5,19,-1,-1,-1
5,20,-1,-1,-1
5,21,-1,-1,-1
5,22,-1,-1,-1
5,23,-1,-1,-1
5,24,-1,-1,-1
6,1,2641,2642,[20.142]
6,2,2641,2642,[20.142]
6,3,-1,-1,-1
6,4,-1,-1,-1
6,5,-1,-1,-1
6,6,-1,-1,-1
6,7,-1,-1,-1
6,8,-1,-1,-1
6,9,-1,-1,-1
6,10,-1,-1,-1
6,11,-1,-1,-1
6,12,-1,-1,-1
6,13,-1,-1,-1
6,14,-1,-1,-1
6,15,-1,-1,-1
6,16,-1,-1,-1
6,17,-1,-1,-1
6,18,-1,-1,-1
6,19,-1,-1,-1
6,20,-1,-1,-1
6,21,-1,-1,-1
6,22,-1,-1,-1
6,23,-1,-1,-1
6,24,-1,-1,-1
7,1,2665,2667,"[3.091, 3.112]"
7,2,2665,2667,"[3.091, 3.112]"
7,3,2665,2667,"[3.091, 3.112]"
7,4,-1,-1,-1
7,5,-1,-1,-1
7,6,-1,-1,-1
7,7,-1,-1,-1
7,8,-1,-1,-1
7,9,-1,-1,-1
7,10,-1,-1,-1
7,11,-1,-1,-1
7,12,-1,-1,-1
7,13,-1,-1,-1
7,14,-1,-1,-1
7,15,-1,-1,-1
7,16,-1,-1,-1
7,17,-1,-1,-1
7,18,-1,-1,-1
7,19,-1,-1,-1
7,20,-1,-1,-1
7,21,-1,-1,-1
7,22,-1,-1,-1
7,23,-1,-1,-1
7,24,-1,-1,-1
1,1,2689,2692,"[1.212, 15.419999999999998]"
1,2,2689,2692,"[1.212, 15.419999999999998]"
1,3,2689,2692,"[1.212, 15.419999999999998]"
1,4,2689,2692,"[1.212, 15.419999999999998]"
1,5,-1,-1,-1
1,6,-1,-1,-1
1,7,-1,-1,-1
1,8,-1,-1,-1
1,9,-1,-1,-1
1,10,-1,-1,-1
1,11,-1,-1,-1
1,12,-1,-1,-1
1,13,-1,-1,-1
1,14,-1,-1,-1
1,15,-1,-1,-1
1,16,-1,-1,-1
1,17,-1,-1,-1
1,18,-1,-1,-1
1,19,-1,-1,-1
1,20,-1,-1,-1
1,21,-1,-1,-1
1,22,-1,-1,-1
1,23,-1,-1,-1
1,24,-1,-1,-1
2,1,2713,2715,"[3.06, 3.091]"
2,2,2713,2715,"[3.06, 3.091]"
2,3,2713,2715,"[3.06, 3.091]"
2,4,-1,-1,-1
2,5,-1,-1,-1
2,6,-1,-1,-1
2,7,-1,-1,-1
2,8,-1,-1,-1
2,9,-1,-1,-1
2,10,-1,-1,-1
2,11,-1,-1,-1
2,12,-1,-1,-1
2,13,-1,-1,-1
2,14,-1,-1,-1
2,15,-1,-1,-1
2,16,-1,-1,-1
2,17,-1,-1,-1
2,18,-1,-1,-1
2,19,-1,-1,-1
2,20,-1,-1,-1
2,21,-1,-1,-1
2,22,-1,-1,-1
2,23,-1,-1,-1
2,24,-1,-1,-1
3,1,2737,2740,[3.085]
3,2,2737,2740,[3.085]
3,3,2737,2740,[3.085]
3,4,2737,2740,[3.085]
3,5,-1,-1,-1
3,6,-1,-1,-1
3,7,-1,-1,-1
3,8,-1,-1,-1
3,9,-1,-1,-1
3,10,-1,-1,-1
3,11,-1,-1,-1
3,12,-1,-1,-1
3,13,-1,-1,-1
3,14,-1,-1,-1
3,15,-1,-1,-1
3,16,-1,-1,-1
3,17,-1,-1,-1
3,18,-1,-1,-1
3,19,-1,-1,-1
3,20,-1,-1,-1
3,21,-1,-1,-1
3,22,-1,-1,-1
3,23,-1,-1,-1
3,24,-1,-1,-1
4,1,-1,-1,-1
4,2,2762,2763,[3.0949999999999998]
4,3,2762,2763,[3.0949999999999998]
4,4,-1,-1,-1
4,5,-1,-1,-1
4,6,-1,-1,-1
4,7,-1,-1,-1
4,8,-1,-1,-1
4,9,-1,-1,-1
4,10,-1,-1,-1
4,11,-1,-1,-1
4,12,-1,-1,-1
4,13,-1,-1,-1
4,14,-1,-1,-1
4,15,-1,-1,-1
4,16,-1,-1,-1
4,17,-1,-1,-1
4,18,-1,-1,-1
4,19,-1,-1,-1
4,20,-1,-1,-1
4,21,-1,-1,-1
4,22,-1,-1,-1
4,23,-1,-1,-1
4,24,-1,-1,-1
5,1,-1,-1,-1
5,2,-1,-1,-1
5,3,-1,-1,-1
5,4,2788,2792,"[1.181, 3.092]"
5,5,2788,2792,"[1.181, 3.092]"
5,6,2788,2792,"[1.181, 3.092]"
5,7,2788,2792,"[1.181, 3.092]"
5,8,2788,2792,"[1.181, 3.092]"
5,9,-1,-1,-1
5,10,-1,-1,-1
5,11,-1,-1,-1
5,12,-1,-1,-1
5,13,-1,-1,-1
5,14,-1,-1,-1
5,15,-1,-1,-1
5,16,-1,-1,-1
5,17,-1,-1,-1
5,18,-1,-1,-1
5,19,-1,-1,-1
5,20,-1,-1,-1
5,21,-1,-1,-1
5,22,-1,-1,-1
5,23,-1,-1,-1
5,24,-1,-1,-1
6,1,2809,2812,"[16.974, 3.091, 3.0940000000000003]"
6,2,2809,2812,"[16.974, 3.091, 3.0940000000000003]"
6,3,2809,2812,"[16.974, 3.091, 3.0940000000000003]"
6,4,2809,2812,"[16.974, 3.091, 3.0940000000000003]"
6,5,-1,-1,-1
6,6,-1,-1,-1
6,7,-1,-1,-1
6,8,-1,-1,-1
6,9,-1,-1,-1
6,10,-1,-1,-1
6,11,-1,-1,-1
6,12,-1,-1,-1
6,13,-1,-1,-1
6,14,-1,-1,-1
6,15,-1,-1,-1
6,16,-1,-1,-1
6,17,-1,-1,-1
6,18,-1,-1,-1
6,19,-1,-1,-1
6,20,-1,-1,-1
6,21,-1,-1,-1
6,22,-1,-1,-1
6,23,-1,-1,-1
6,24,-1,-1,-1
7,1,2833,2835,[3.093]
7,2,2833,2835,[3.093]
7,3,2833,2835,[3.093]
7,4,-1,-1,-1
7,5,-1,-1,-1
7,6,-1,-1,-1
7,7,-1,-1,-1
7,8,-1,-1,-1
7,9,-1,-1,-1
7,10,-1,-1,-1
7,11,-1,-1,-1
7,12,-1,-1,-1
7,13,-1,-1,-1
7,14,-1,-1,-1
7,15,-1,-1,-1
7,16,-1,-1,-1
7,17,-1,-1,-1
7,18,-1,-1,-1
7,19,-1,-1,-1
7,20,-1,-1,-1
7,21,-1,-1,-1
7,22,-1,-1,-1
7,23,-1,-1,-1
7,24,-1,-1,-1
1,1,2857,2859,"[3.096, 17.15]"
1,2,2857,2859,"[3.096, 17.15]"
1,3,2857,2859,"[3.096, 17.15]"
1,4,-1,-1,-1
1,5,-1,-1,-1
1,6,-1,-1,-1
1,7,-1,-1,-1
1,8,-1,-1,-1
1,9,-1,-1,-1
1,10,-1,-1,-1
1,11,-1,-1,-1
1,12,-1,-1,-1
1,13,-1,-1,-1
1,14,-1,-1,-1
1,15,-1,-1,-1
1,16,-1,-1,-1
1,17,-1,-1,-1
1,18,-1,-1,-1
1,19,-1,-1,-1
1,20,-1,-1,-1
1,21,-1,-1,-1
1,22,-1,-1,-1
1,23,-1,-1,-1
1,24,-1,-1,-1
2,1,-1,-1,-1
2,2,-1,-1,-1
2,3,2883,2884,[3.091]
2,4,2883,2884,[3.091]
2,5,-1,-1,-1
2,6,-1,-1,-1
2,7,-1,-1,-1
2,8,-1,-1,-1
2,9,-1,-1,-1
2,10,-1,-1,-1
2,11,-1,-1,-1
2,12,-1,-1,-1
2,13,-1,-1,-1
2,14,-1,-1,-1
2,15,-1,-1,-1
2,16,-1,-1,-1
2,17,-1,-1,-1
2,18,-1,-1,-1
2,19,-1,-1,-1
2,20,-1,-1,-1
2,21,-1,-1,-1
2,22,-1,-1,-1
2,23,-1,-1,-1
2,24,-1,-1,-1
3,1,2905,2907,[11.446]
3,2,2905,2907,[11.446]
3,3,2905,2907,[11.446]
3,4,-1,-1,-1
3,5,-1,-1,-1
3,6,-1,-1,-1
3,7,-1,-1,-1
3,8,-1,-1,-1
3,9,-1,-1,-1
3,10,-1,-1,-1
3,11,-1,-1,-1
3,12,-1,-1,-1
3,13,-1,-1,-1
3,14,-1,-1,-1
3,15,-1,-1,-1
3,16,-1,-1,-1
3,17,-1,-1,-1
3,18,-1,-1,-1
3,19,-1,-1,-1
3,20,-1,-1,-1
3,21,-1,-1,-1
3,22,-1,-1,-1
3,23,-1,-1,-1
3,24,-1,-1,-1
4,1,2929,2933,"[10.031, 10.144]"
4,2,2929,2933,"[10.031, 10.144]"
4,3,2929,2933,"[10.031, 10.144]"
4,4,2929,2933,"[10.031, 10.144]"
4,5,2929,2933,"[10.031, 10.144]"
4,6,-1,-1,-1
4,7,-1,-1,-1
4,8,-1,-1,-1
4,9,-1,-1,-1
4,10,-1,-1,-1
4,11,-1,-1,-1
4,12,-1,-1,-1
4,13,-1,-1,-1
4,14,-1,-1,-1
4,15,-1,-1,-1
4,16,-1,-1,-1
4,17,-1,-1,-1
4,18,-1,-1,-1
4,19,-1,-1,-1
4,20,-1,-1,-1
4,21,-1,-1,-1
4,22,-1,-1,-1
4,23,-1,-1,-1
4,24,-1,-1,-1
5,1,2953,2956,"[3.096, 14.806000000000001]"
5,2,2953,2956,"[3.096, 14.806000000000001]"
5,3,2953,2956,"[3.096, 14.806000000000001]"
5,4,2953,2956,"[3.096, 14.806000000000001]"
5,5,-1,-1,-1
5,6,-1,-1,-1
5,7,-1,-1,-1
5,8,-1,-1,-1
5,9,-1,-1,-1
5,10,-1,-1,-1
5,11,-1,-1,-1
5,12,-1,-1,-1
5,13,-1,-1,-1
5,14,-1,-1,-1
5,15,-1,-1,-1
5,16,-1,-1,-1
5,17,-1,-1,-1
5,18,-1,-1,-1
5,19,-1,-1,-1
5,20,-1,-1,-1
5,21,-1,-1,-1
5,22,-1,-1,-1
5,23,-1,-1,-1
5,24,-1,-1,-1
6,1,2977,2981,"[10.184000000000001, 3.068, 12.251000000000001, 8.928]"
6,2,2977,2981,"[10.184000000000001, 3.068, 12.251000000000001, 8.928]"
6,3,2977,2981,"[10.184000000000001, 3.068, 12.251000000000001, 8.928]"
6,4,2977,2981,"[10.184000000000001, 3.068, 12.251000000000001, 8.928]"
6,5,2977,2981,"[10.184000000000001, 3.068, 12.251000000000001, 8.928]"
6,6,-1,-1,-1
6,7,-1,-1,-1
6,8,-1,-1,-1
6,9,-1,-1,-1
6,10,-1,-1,-1
6,11,-1,-1,-1
6,12,-1,-1,-1
6,13,-1,-1,-1
6,14,-1,-1,-1
6,15,-1,-1,-1
6,16,-1,-1,-1
6,17,-1,-1,-1
6,18,-1,-1,-1
6,19,-1,-1,-1
6,20,-1,-1,-1
6,21,-1,-1,-1
6,22,-1,-1,-1
6,23,-1,-1,-1
6,24,-1,-1,-1
7,1,-1,-1,-1
7,2,3002,3004,[3.096]
7,3,3002,3004,[3.096]
7,4,3002,3004,[3.096]
7,5,-1,-1,-1
7,6,-1,-1,-1
7,7,-1,-1,-1
7,8,-1,-1,-1
7,9,-1,-1,-1
7,10,-1,-1,-1
7,11,-1,-1,-1
7,12,-1,-1,-1
7,13,-1,-1,-1
7,14,-1,-1,-1
7,15,-1,-1,-1
7,16,-1,-1,-1
7,17,-1,-1,-1
7,18,-1,-1,-1
7,19,-1,-1,-1
7,20,-1,-1,-1
7,21,-1,-1,-1
7,22,-1,-1,-1
7,23,-1,-1,-1
7,24,-1,-1,-1
1,1,3025,3027,[3.066]
1,2,3025,3027,[3.066]
1,3,3025,3027,[3.066]
1,4,-1,-1,-1
1,5,-1,-1,-1
1,6,-1,-1,-1
1,7,-1,-1,-1
1,8,-1,-1,-1
1,9,-1,-1,-1
1,10,-1,-1,-1
1,11,-1,-1,-1
1,12,-1,-1,-1
1,13,-1,-1,-1
1,14,-1,-1,-1
1,15,-1,-1,-1
1,16,-1,-1,-1
1,17,-1,-1,-1
1,18,-1,-1,-1
1,19,-1,-1,-1
1,20,-1,-1,-1
1,21,-1,-1,-1
1,22,-1,-1,-1
1,23,-1,-1,-1
1,24,-1,-1,-1
2,1,-1,-1,-1
2,2,3050,3052,[11.242]
2,3,3050,3052,[11.242]
2,4,3050,3052,[11.242]
2,5,-1,-1,-1
2,6,-1,-1,-1
2,7,-1,-1,-1
2,8,-1,-1,-1
2,9,-1,-1,-1
2,10,-1,-1,-1
2,11,-1,-1,-1
2,12,-1,-1,-1
2,13,-1,-1,-1
2,14,-1,-1,-1
2,15,-1,-1,-1
2,16,-1,-1,-1
2,17,-1,-1,-1
2,18,-1,-1,-1
2,19,-1,-1,-1
2,20,-1,-1,-1
2,21,-1,-1,-1
2,22,-1,-1,-1
2,23,-1,-1,-1
2,24,-1,-1,-1
3,1,3073,3074,[3.07]
3,2,3073,3074,[3.07]
3,3,-1,-1,-1
3,4,-1,-1,-1
3,5,-1,-1,-1
3,6,-1,-1,-1
3,7,-1,-1,-1
3,8,-1,-1,-1
3,9,-1,-1,-1
3,10,-1,-1,-1
3,11,-1,-1,-1
3,12,-1,-1,-1
3,13,-1,-1,-1
3,14,-1,-1,-1
3,15,-1,-1,-1
3,16,-1,-1,-1
3,17,-1,-1,-1
3,18,-1,-1,-1
3,19,-1,-1,-1
3,20,-1,-1,-1
3,21,-1,-1,-1
3,22,-1,-1,-1
3,23,-1,-1,-1
3,24,-1,-1,-1
4,1,3097,3101,"[3.12, 17.413999999999998]"
4,2,3097,3101,"[3.12, 17.413999999999998]"
4,3,3097,3101,"[3.12, 17.413999999999998]"
4,4,3097,3101,"[3.12, 17.413999999999998]"
4,5,3097,3101,"[3.12, 17.413999999999998]"
4,6,-1,-1,-1
4,7,-1,-1,-1
4,8,-1,-1,-1
4,9,-1,-1,-1
4,10,-1,-1,-1
4,11,-1,-1,-1
4,12,-1,-1,-1
4,13,-1,-1,-1
4,14,-1,-1,-1
4,15,-1,-1,-1
4,16,-1,-1,-1
4,17,-1,-1,-1
4,18,-1,-1,-1
4,19,-1,-1,-1
4,20,-1,-1,-1
4,21,-1,-1,-1
4,22,-1,-1,-1
4,23,-1,-1,-1
4,24,-1,-1,-1
5,1,3121,3125,"[10.943000000000001, 3.1109999999999998]"
5,2,3121,3125,"[10.943000000000001, 3.1109999999999998]"
5,3,3121,3125,"[10.943000000000001, 3.1109999999999998]"
5,4,3121,3125,"[10.943000000000001, 3.1109999999999998]"
5,5,3121,3125,"[10.943000000000001, 3.1109999999999998]"
5,6,-1,-1,-1
5,7,-1,-1,-1
5,8,-1,-1,-1
5,9,-1,-1,-1
5,10,-1,-1,-1
5,11,-1,-1,-1
5,12,-1,-1,-1
5,13,-1,-1,-1
5,14,-1,-1,-1
5,15,-1,-1,-1
5,16,-1,-1,-1
5,17,-1,-1,-1
5,18,-1,-1,-1
5,19,-1,-1,-1
5,20,-1,-1,-1
5,21,-1,-1,-1
5,22,-1,-1,-1
5,23,-1,-1,-1
5,24,-1,-1,-1
6,1,3145,3149,"[15.4, 1.2109999999999999, 3.0949999999999998]"
6,2,3145,3149,"[15.4, 1.2109999999999999, 3.0949999999999998]"
6,3,3145,3149,"[15.4, 1.2109999999999999, 3.0949999999999998]"
6,4,3145,3149,"[15.4, 1.2109999999999999, 3.0949999999999998]"
6,5,3145,3149,"[15.4, 1.2109999999999999, 3.0949999999999998]"
6,6,-1,-1,-1
6,7,-1,-1,-1
6,8,-1,-1,-1
6,9,-1,-1,-1
6,10,-1,-1,-1
6,11,-1,-1,-1
6,12,-1,-1,-1
6,13,-1,-1,-1
6,14,-1,-1,-1
6,15,-1,-1,-1
6,16,-1,-1,-1
6,17,-1,-1,-1
6,18,-1,-1,-1
6,19,-1,-1,-1
6,20,-1,-1,-1
6,21,-1,-1,-1
6,22,-1,-1,-1
6,23,-1,-1,-1
6,24,-1,-1,-1
7,1,3169,3170,[11.647]
7,2,3169,3170,[11.647]
7,3,-1,-1,-1
7,4,-1,-1,-1
7,5,-1,-1,-1
7,6,-1,-1,-1
7,7,-1,-1,-1
7,8,-1,-1,-1
7,9,-1,-1,-1
7,10,-1,-1,-1
7,11,-1,-1,-1
7,12,-1,-1,-1
7,13,-1,-1,-1
7,14,-1,-1,-1
7,15,-1,-1,-1
7,16,-1,-1,-1
7,17,-1,-1,-1
7,18,-1,-1,-1
7,19,-1,-1,-1
7,20,-1,-1,-1
7,21,-1,-1,-1
7,22,-1,-1,-1
7,23,-1,-1,-1
7,24,-1,-1,-1
1,1,3193,3195,[1.2109999999999999]
1,2,3193,3195,[1.2109999999999999]
1,3,3193,3195,[1.2109999999999999]
1,4,-1,-1,-1
1,5,-1,-1,-1
1,6,-1,-1,-1
1,7,-1,-1,-1
